URL,has_title,has_input,has_button,has_image,has_submit,has_link,has_password,has_email_input,has_hidden_element,has_audio,has_video,number_of_inputs,number_of_buttons,number_of_images,number_of_option,number_of_list,number_of_th,number_of_tr,number_of_href,number_of_paragraph,number_of_script,length_of_title,has_h1,has_h2,has_h3,length_of_text,number_of_clickable_button,number_of_a,number_of_img,number_of_div,number_of_figure,has_footer,has_form,has_text_area,has_iframe,has_text_input,number_of_meta,has_nav,has_object,has_picture,number_of_sources,number_of_span,number_of_table,Have_IP,Have_At,URL_Length,URL_Depth,Redirection,https_Domain,TinyURL,Prefix/Suffix,Phishing
http://trailhead.com,1,0,1,0,0,1,0,0,0,0,0,0,22,0,0,26,0,0,34,20,40,32,1,1,1,5942,18,35,54,416,18,0,0,0,1,0,27,0,0,0,0,60,0,0,0,0,0,0,0,0,0,0
http://broadinstitute.org,1,1,1,0,1,1,0,1,1,0,1,7,12,0,3,81,0,0,12,90,15,15,1,1,0,13764,8,161,34,474,0,1,1,0,0,1,19,1,0,1,192,42,0,0,0,0,0,0,0,0,0,0
http://allpoetry.com,1,1,1,0,1,1,0,0,1,0,0,68,2,0,0,47,0,0,6,8,11,57,1,1,0,15027,0,683,19,154,0,1,1,1,1,1,16,0,0,0,0,86,0,0,0,0,0,0,0,0,0,0
http://trueclassictees.com,1,1,1,0,0,1,0,1,1,0,1,39,51,0,956,745,0,0,53,85,145,68,1,1,1,107019,42,773,1049,2786,0,1,1,0,0,0,23,1,0,0,1,234,0,0,0,0,0,0,0,0,0,0
http://deltadental.com,1,1,1,0,0,1,0,0,1,0,0,32,30,0,170,132,0,0,8,65,18,48,1,1,1,28786,20,152,30,440,0,1,1,0,1,1,12,1,0,0,0,56,0,0,0,0,0,0,0,0,0,0
http://opentechnology.ru,1,0,0,0,0,1,0,0,0,0,0,0,0,0,0,28,0,0,11,37,14,151,1,1,0,3096,0,69,34,125,0,0,0,0,1,0,6,0,0,0,0,13,0,0,0,0,0,0,0,0,0,0
http://monsterserver.de,1,0,0,0,0,1,0,0,0,0,0,0,0,1,0,0,0,0,14,0,12,69,0,0,0,93,0,0,0,2,0,0,0,0,1,0,14,0,0,0,0,0,0,0,0,0,0,0,0,0,0,0
http://ideo.com,1,1,0,0,1,1,0,1,0,0,0,4,0,0,0,0,0,0,4,31,17,43,1,1,1,2569,0,82,35,394,0,0,1,0,1,0,11,1,0,0,0,8,0,0,0,0,0,0,0,0,0,0
http://misterpoll.com,1,1,1,0,1,1,0,0,0,0,0,3,6,0,10,44,0,0,28,7,36,14,0,1,0,6759,0,105,4,239,2,1,1,0,0,0,25,1,0,0,0,15,0,0,0,0,0,0,0,0,0,0
http://mindvalley.com,1,0,0,0,0,1,0,0,0,0,0,0,0,0,0,0,0,0,741,253,13,36,1,1,1,12002,0,18,238,1122,0,0,0,0,1,0,26,0,0,0,0,22,0,0,0,0,0,0,0,0,0,0
http://indosat.com,1,1,1,0,0,1,0,0,1,0,0,18,3,0,0,70,0,0,9,20,22,67,1,0,1,4010,1,137,97,275,0,1,0,0,1,1,19,1,0,1,8,25,0,0,0,0,0,0,0,1,0,0
http://nestormedia.com,1,0,0,0,0,1,0,0,0,0,0,0,0,0,0,0,0,0,4,0,1,40,0,0,0,811,0,18,3,55,0,1,0,0,0,0,4,0,0,0,0,8,0,0,0,0,0,0,0,0,0,0
http://educationalimpactblog.com,1,0,0,0,0,1,0,0,0,0,1,0,0,0,0,0,0,0,13,0,0,22,1,0,0,211,0,8,1,23,0,1,0,0,0,0,4,0,0,0,0,1,0,0,0,0,0,0,0,0,0,0
http://xhdpornos.com,1,0,0,0,0,1,0,0,0,0,0,0,0,0,0,0,0,0,3,0,3,72,1,0,0,3427,0,193,27,207,0,0,0,0,0,0,5,0,0,0,0,2,0,0,0,0,0,0,0,0,0,0
http://sn.at,1,1,1,0,0,1,0,0,0,0,0,1,17,0,119,303,0,0,28,82,25,30,0,1,1,61603,0,653,221,536,0,1,0,0,1,0,29,1,0,1,216,445,0,0,0,0,0,0,0,0,0,0
http://kayak.co.uk,1,1,1,0,1,1,0,0,0,0,0,4,38,0,0,310,0,0,84,10,17,41,1,1,1,15665,0,429,61,519,0,0,1,0,0,1,29,1,0,0,0,727,0,0,0,0,0,0,0,0,0,0
http://u-blox.com,1,0,1,0,0,1,0,0,0,0,1,0,12,1,0,50,0,0,12,44,14,13,1,1,1,3706,0,77,18,130,0,0,0,0,1,0,25,0,0,1,201,29,0,0,0,0,0,0,0,1,1,0
http://ethicspoint.com,1,1,0,0,1,1,1,0,1,0,0,12,0,0,0,109,0,8,9,4,5,26,1,0,0,2462,0,112,6,25,0,0,1,0,0,1,4,0,0,0,0,3,3,0,0,0,0,0,0,1,0,0
http://tiktokshop.com,1,0,0,0,0,1,0,0,0,0,0,0,0,0,0,0,0,0,5,0,8,46,0,0,0,52,0,0,0,1,0,0,0,0,0,0,4,0,0,0,0,0,0,0,0,0,0,0,0,0,0,0
http://businessdailyafrica.com,1,0,1,0,0,1,0,0,0,0,0,0,2,0,0,131,0,0,15,14,41,14,0,1,1,9015,0,157,58,333,60,1,0,0,1,0,20,1,0,0,0,177,0,0,0,0,0,0,0,0,0,0
http://choice.com.au,1,1,1,0,0,1,0,1,1,0,0,8,5,0,0,57,0,0,20,43,16,52,1,1,1,11052,0,94,58,351,0,1,1,0,1,1,24,1,0,0,0,36,0,0,0,0,0,0,0,0,0,0
http://myitero.cn,1,0,0,0,0,1,0,0,0,0,0,0,0,0,0,0,0,0,3,0,4,8,0,0,0,27,0,0,0,2,0,0,0,0,0,0,5,0,0,0,0,0,0,0,0,0,0,0,0,0,0,0
http://vbox7.com,0,0,0,0,0,0,0,0,0,0,0,0,0,0,0,0,0,0,0,0,2,0,0,0,0,6,0,0,0,0,0,0,0,0,0,0,7,0,0,0,0,0,0,0,0,0,0,0,0,0,0,0
http://biteable.com,1,0,0,0,0,1,0,0,0,0,1,0,0,0,0,202,0,0,27,30,38,70,1,1,1,8482,0,235,68,550,22,1,0,0,1,0,22,1,0,0,0,292,0,0,0,0,0,0,0,0,0,0
http://sheetmusicplus.com,1,1,1,0,0,1,0,0,1,0,0,5,13,0,0,278,0,0,21,8,26,64,1,1,1,16578,4,626,184,1230,91,1,1,0,1,1,8,1,0,1,30,353,0,0,0,0,0,0,0,0,0,0
http://surf.nl,1,1,1,0,1,1,0,0,1,0,0,15,22,0,0,133,0,0,14,35,11,62,1,1,1,8642,0,122,12,344,4,1,1,0,0,1,17,1,0,1,35,361,0,0,0,0,0,0,0,0,0,0
http://latch.com,1,1,1,0,0,1,0,1,1,0,1,13,26,0,6,68,0,0,65,17,53,64,1,1,1,8024,11,70,16,233,0,1,1,1,1,1,18,1,0,0,2,82,0,0,0,0,0,0,0,0,0,0
http://lpnet.com.br,1,1,1,0,0,1,0,0,0,0,0,1,8,0,64,2,0,0,29,4,41,23,0,0,0,2058,0,2,5,39,0,1,0,0,1,0,28,0,0,0,0,14,0,0,0,0,0,0,0,1,0,0
http://megamailservers.eu,1,0,0,0,0,1,0,0,0,0,0,0,0,0,0,0,0,15,1,7,0,15,0,0,0,1657,0,11,22,0,0,0,0,0,0,0,1,0,0,0,0,0,5,0,0,0,0,0,0,0,0,0
http://allianz.it,1,1,1,0,0,1,0,0,0,0,0,1,8,0,0,53,0,0,25,10,22,48,1,1,1,8620,0,99,27,401,4,1,1,0,0,1,17,1,0,1,6,134,0,0,0,0,0,0,0,0,0,0
http://drafthouse.com,0,0,0,0,0,1,0,0,0,0,0,0,0,0,0,1,0,0,21,0,5,0,0,0,0,21,0,1,1,1,0,0,0,0,1,0,15,1,0,0,0,0,0,0,0,0,0,0,0,0,0,0
http://allaboutjazz.com,1,1,1,0,0,1,1,0,0,0,0,11,35,0,23,49,0,0,19,22,34,47,0,1,1,8287,12,197,51,337,0,0,1,0,1,1,10,1,0,0,0,84,0,0,0,0,0,0,0,0,0,0
http://arabgy.com,1,1,1,0,0,1,0,0,0,0,0,1,2,0,0,42,0,0,16,8,11,31,0,1,0,4212,1,173,16,185,0,0,1,0,0,1,14,1,0,0,0,26,0,0,0,0,0,0,0,0,0,0
http://analyticsindiamag.com,1,1,1,0,0,1,0,1,1,0,0,20,3,0,0,121,0,0,48,12,32,82,1,1,1,18037,0,355,89,1023,0,1,1,0,1,1,21,1,0,1,71,227,0,0,0,0,0,0,0,0,0,0
http://tribalwars.net,1,1,0,0,1,1,1,0,1,0,0,5,0,0,0,64,0,0,42,15,6,64,0,1,1,2375,0,99,17,108,0,0,1,0,0,1,7,0,0,0,0,41,0,0,0,0,0,0,0,0,0,0
http://fandomwire.com,1,1,1,0,0,1,0,0,0,0,0,3,3,0,0,117,0,0,17,18,58,51,1,1,1,5420,0,166,47,198,0,1,1,0,0,0,26,1,0,1,4,114,0,0,0,0,0,0,0,0,0,0
http://arabx69.com,1,1,1,0,0,1,0,0,0,0,0,1,1,0,0,37,0,0,6,2,6,23,0,1,0,2434,0,75,10,101,0,0,1,0,0,1,9,1,0,0,0,24,0,0,0,0,0,0,0,0,0,0
http://docdro.id,1,1,1,0,0,1,0,0,0,0,0,1,2,0,0,11,0,0,5,0,4,29,1,0,0,1944,2,21,1,39,0,1,1,0,0,1,7,1,0,0,0,24,0,0,0,0,0,0,0,0,0,0
http://free-daily-spins.com,1,0,1,0,0,1,0,0,0,0,0,0,18,0,0,58,0,0,16,17,8,71,1,1,0,10076,4,135,25,299,0,1,0,0,1,0,17,1,0,1,52,99,0,0,0,0,0,0,0,0,1,0
http://taiwanmobile.com,0,0,0,0,0,0,0,0,0,0,0,0,0,0,0,0,0,0,0,0,1,0,0,0,0,13,0,0,0,0,0,0,0,0,0,0,0,0,0,0,0,0,0,0,0,0,0,0,0,0,0,0
http://rtbsystem.org,1,0,0,0,0,0,0,0,0,0,0,0,0,0,0,5,0,0,0,8,1,37,0,0,0,5286,0,3,1,17,0,0,0,0,0,0,1,0,0,0,0,1,0,0,0,0,0,0,0,0,0,0
http://catch.com.au,1,1,1,1,0,1,0,0,1,0,0,5,4,1,0,59,0,0,17,5,60,68,1,1,1,9941,0,90,11,134,0,1,1,0,1,1,10,1,0,1,9,11,0,0,0,0,0,0,0,0,0,0
http://fnasmpygwa.com,1,0,0,0,0,1,0,0,0,0,0,0,0,0,0,0,0,0,2,4,0,8,0,0,0,558,0,4,3,7,0,0,0,0,0,0,2,0,0,0,0,1,0,0,0,0,0,0,0,0,0,0
http://idtretailsolutions.com,1,0,0,0,0,1,0,0,0,0,0,0,0,0,0,0,0,0,19,1,55,19,1,0,0,270,0,0,0,6,0,0,0,0,0,0,5,0,0,0,0,0,0,0,0,0,0,0,0,0,0,0
http://bellaliant.net,0,0,0,0,0,0,0,0,0,0,0,0,0,0,0,0,0,0,0,0,4,0,0,0,0,12,0,0,0,0,0,0,0,0,0,0,0,0,0,0,0,0,0,0,0,0,0,0,0,0,0,0
http://jauns.lv,1,1,1,0,0,1,0,0,0,0,0,2,21,0,0,0,0,0,46,40,26,25,1,1,1,13119,0,190,226,2176,0,1,0,0,1,0,24,1,0,0,0,182,0,0,0,0,0,0,0,0,0,0
http://metric-conversions.org,1,1,0,0,0,1,0,0,0,0,0,2,0,0,0,3,0,0,61,6,22,40,1,0,0,2328,0,42,1,15,0,1,1,0,0,1,3,1,0,0,0,0,0,0,0,0,0,0,0,0,1,0
http://cialssis.com,1,1,1,0,1,1,0,1,1,0,0,13,33,0,254,37,0,15,14,7,18,9,1,0,1,5743,27,64,20,122,0,1,1,0,0,1,6,1,0,0,0,42,4,0,0,0,0,0,0,0,0,0
http://zaxbys.com,1,0,1,0,0,1,0,0,0,0,0,0,1,0,0,0,0,0,3,0,13,60,0,1,0,139,0,0,3,10,0,1,0,0,0,0,4,0,0,0,0,2,0,0,0,0,0,0,0,0,0,0
http://flooranddecor.com,1,1,1,0,0,1,0,1,1,0,1,10,11,0,0,383,0,0,31,11,37,45,1,1,0,14537,4,547,147,780,135,1,1,0,1,1,11,1,0,1,151,104,0,0,0,0,0,0,0,0,0,0
http://rehau.com,1,1,1,0,0,1,0,0,0,0,0,2,8,0,78,116,0,0,22,27,7,19,0,0,0,5494,0,135,9,119,0,1,1,0,0,1,14,1,0,0,0,17,0,0,0,0,0,0,0,0,0,0
http://vk-apps.ru,1,0,0,0,0,1,0,0,0,0,0,0,0,0,0,0,0,0,3,17,1,10,1,1,0,4463,0,33,131,195,0,0,0,0,0,0,14,0,0,0,0,16,0,0,0,0,0,0,0,0,1,0
http://his-j.com,1,0,0,0,0,1,0,0,0,0,0,0,0,0,0,56,0,0,13,29,26,20,1,1,1,1379,0,67,41,64,0,0,0,0,1,0,15,0,0,0,0,26,0,0,0,0,0,0,0,0,1,0
http://matr1x.io,1,0,0,0,0,1,0,0,0,0,0,0,0,0,0,0,0,0,4,0,10,6,0,0,0,108,0,0,0,1,0,0,0,0,1,0,6,0,0,0,0,0,0,0,0,0,0,0,0,0,0,0
http://serviciodecorreo.es,1,1,1,0,0,1,1,0,1,0,0,7,1,0,0,0,0,2,6,2,14,29,1,0,0,238,0,0,1,4,0,0,1,0,0,1,5,0,0,0,0,0,1,0,0,0,0,0,0,0,0,0
http://snl.no,1,1,1,0,0,1,0,0,0,0,0,1,1,0,0,67,0,0,14,10,7,21,1,1,1,3869,0,82,29,45,3,1,1,0,1,0,10,0,0,1,3,9,0,0,0,0,0,0,0,0,0,0
http://tbo.com,1,0,1,0,0,1,0,0,0,0,1,0,2,0,0,51,0,0,8,9,16,54,1,1,1,6688,2,58,91,210,0,1,0,0,1,0,17,1,0,1,26,48,0,0,0,0,0,0,0,0,0,0
http://voicemaker.media,1,0,0,0,0,1,0,0,0,0,0,0,0,0,0,5,0,0,8,6,5,4,0,0,0,322,0,8,8,18,0,0,0,0,0,0,15,1,0,0,0,0,0,0,0,0,0,0,0,0,0,0
http://iposeidonbussiness.com,1,1,1,0,0,1,0,0,0,0,0,3,1,0,0,21,0,0,4,6,6,11,1,1,0,713,1,16,13,42,0,0,0,1,0,1,4,0,0,0,0,4,0,0,0,0,0,0,0,0,0,0
http://whas11.com,1,1,1,0,0,1,0,0,1,0,0,6,11,0,0,114,0,0,7,5,21,102,1,1,1,11148,0,164,120,598,0,1,1,0,1,1,9,1,0,0,0,39,0,0,0,0,0,0,0,0,0,0
http://scripps.org,1,1,0,0,1,1,0,0,1,0,0,6,0,0,0,174,0,0,29,65,23,61,1,1,1,11077,0,205,22,397,10,1,1,0,1,1,25,1,0,1,6,91,0,0,0,0,0,0,0,0,0,0
http://lehighvalleylive.com,1,1,1,0,0,1,0,0,0,0,0,1,6,0,0,70,0,0,25,8,17,97,1,1,0,9828,0,138,34,424,0,0,1,0,0,1,16,1,0,0,0,132,0,0,0,0,0,0,0,0,0,0
http://scener.com,1,0,1,0,0,1,0,0,0,0,1,0,11,0,0,0,0,0,3,3,30,44,1,0,0,418,11,21,14,78,0,0,0,0,1,0,25,0,0,0,0,39,0,0,0,0,0,0,0,0,0,0
http://appmate.io,1,0,0,0,0,1,0,0,0,0,0,0,0,0,0,0,0,0,5,7,8,25,1,1,0,1699,0,18,11,83,0,0,0,0,0,0,9,1,0,0,0,2,0,0,0,0,0,0,0,0,0,0
http://selfhost.de,1,1,0,0,1,1,0,0,1,0,0,11,0,0,0,44,0,0,2,3,0,45,0,0,0,2477,0,72,2,57,0,0,1,0,0,1,5,0,0,0,0,0,0,0,0,0,0,0,0,0,0,0
http://nexo.com,1,1,1,0,0,1,0,1,0,0,0,1,33,0,10,59,0,0,35,22,18,47,1,1,1,14185,1,183,91,288,0,1,1,0,1,0,22,1,0,1,2,269,0,0,0,0,0,0,0,0,0,0
http://otpbank.hu,1,0,1,0,0,1,0,0,0,0,0,0,1,0,0,151,0,0,6,19,24,25,1,1,1,6973,1,181,6,157,0,1,0,0,0,0,20,1,0,1,5,13,0,0,0,0,0,0,0,0,0,0
http://superhost.pl,1,1,1,0,0,1,0,0,0,0,0,1,1,0,0,196,0,0,27,14,24,62,1,1,1,24558,0,224,53,349,22,1,1,0,1,1,26,1,0,0,0,374,0,0,0,0,0,0,0,0,0,0
http://systemrequirementslab.com,1,1,0,0,0,1,0,0,1,0,0,3,0,0,0,90,0,12,6,16,14,48,1,1,0,11078,0,139,44,211,0,1,0,0,1,0,11,0,0,0,0,69,7,0,0,0,0,0,0,0,0,0
http://ulakbim.gov.tr,1,1,0,0,1,1,1,0,1,0,0,11,0,0,12,134,0,17,1,31,56,35,1,1,1,6606,0,231,42,416,0,1,1,0,1,1,2,0,0,0,0,16,4,0,0,0,0,0,0,0,0,0
http://americanmuscle.com,1,1,1,0,0,1,0,1,1,0,0,10,4,0,0,120,0,0,22,20,20,59,0,1,1,35217,1,1558,106,481,0,1,1,0,0,1,18,1,0,0,0,149,0,0,0,0,0,0,0,0,0,0
http://enedis.fr,1,1,1,0,1,1,0,0,1,0,0,4,7,0,0,64,0,0,38,14,43,16,1,1,0,5537,5,74,23,136,0,1,1,0,0,1,11,1,0,1,1,43,0,0,0,0,0,0,0,0,0,0
http://aon.at,1,1,1,0,1,1,1,0,0,0,0,6,6,0,0,287,0,0,22,20,37,60,0,1,1,11426,2,320,12,316,0,1,1,0,1,1,20,1,0,1,33,45,0,0,0,0,0,0,0,0,0,0
http://jackboxgames.com,1,0,0,0,0,1,0,0,0,0,0,0,0,0,0,0,0,0,7,0,1,13,0,0,0,35,0,0,0,1,0,0,0,0,0,0,5,0,0,0,0,0,0,0,0,0,0,0,0,0,0,0
http://cubadebate.cu,1,1,0,0,1,1,0,0,1,0,0,10,0,0,1000,167,0,0,29,29,26,10,1,1,1,41898,0,443,45,276,0,1,1,0,1,1,29,1,0,0,0,255,0,0,0,0,0,0,0,0,0,0
http://homedit.com,1,1,1,0,0,1,0,0,1,0,0,4,7,0,0,28,0,0,11,6,19,45,1,1,0,8883,0,166,0,484,0,1,1,0,0,1,16,0,0,0,0,21,0,0,0,0,0,0,0,1,0,0
http://coinpedia.org,1,1,1,0,1,1,0,0,1,0,1,23,30,0,3,406,0,0,25,50,88,61,1,1,1,31368,7,319,710,895,0,1,1,0,1,1,21,1,0,1,5,382,0,0,0,0,0,0,0,0,0,0
http://prohosting.com,1,1,0,0,0,1,0,0,0,0,0,2,0,0,5,9,0,68,2,5,2,62,1,0,0,2690,0,41,37,17,0,0,1,0,0,0,6,0,0,0,0,4,27,0,0,0,0,0,0,0,0,0
http://kinogoo.zone,1,1,1,0,0,1,0,0,1,0,0,4,1,0,0,52,0,0,13,3,7,78,0,1,0,7415,0,119,39,144,0,0,1,0,0,1,4,0,0,0,0,108,0,0,0,0,0,0,0,0,0,0
http://nic.gov.jo,1,0,0,0,0,1,0,0,0,0,0,0,0,0,0,0,0,1,1,1,2,13,0,0,0,234,0,2,1,2,0,0,0,0,0,0,1,0,0,0,0,0,1,0,0,0,0,0,0,0,0,0
http://ing.pl,0,0,0,0,0,0,0,0,0,0,0,0,0,0,0,0,0,0,0,0,1,0,0,0,0,81,0,0,0,0,0,0,0,0,1,0,4,0,0,0,0,0,0,0,0,0,0,0,0,0,0,0
http://tu-ilmenau.de,1,1,1,0,0,1,0,0,0,0,0,2,55,0,0,264,8,11,7,11,4,43,1,1,1,16922,2,301,40,278,3,1,1,0,0,1,14,1,0,0,0,129,5,0,0,0,0,0,0,0,1,0
http://any.do,1,0,1,0,0,1,0,0,0,0,0,0,3,0,0,164,0,0,26,29,37,41,1,1,1,7713,3,159,40,123,2,1,0,0,0,0,32,1,0,0,0,8,0,0,0,0,0,0,0,0,0,0
http://demoup.com,1,1,0,0,0,1,0,0,0,0,1,16,0,0,0,55,75,75,26,32,50,52,1,1,1,17495,0,97,114,427,0,0,0,0,0,0,32,1,0,0,3,136,11,0,0,0,0,0,0,0,0,0
http://pressofatlanticcity.com,1,1,1,0,1,1,0,0,1,0,0,27,7,0,0,134,0,0,79,56,54,160,0,1,1,21473,3,310,86,1034,76,1,1,0,1,1,27,1,0,0,0,193,0,0,0,0,0,0,0,0,0,0
http://crumblcookies.com,1,0,1,0,0,1,0,0,0,0,0,0,1,0,0,6,0,0,18,14,29,50,1,1,1,2491,0,41,42,97,0,0,0,0,0,0,18,0,0,0,0,33,0,0,0,0,0,0,0,0,0,0
http://apn.net.au,1,1,1,0,0,1,0,1,1,0,0,6,2,0,4,29,0,34,19,10,8,37,1,1,1,5200,1,58,25,225,0,1,1,1,1,1,10,1,0,0,0,13,10,0,0,0,0,0,0,0,0,0
http://bombich.com,1,1,1,0,0,1,0,1,1,0,0,10,5,0,0,21,0,0,7,19,37,59,1,1,0,6669,1,39,8,141,0,1,1,0,0,1,4,1,0,1,4,8,0,0,0,0,0,0,0,0,0,0
http://covet.pics,1,0,0,0,0,1,0,0,0,0,1,0,0,0,0,0,0,0,3,26,8,32,1,1,0,5826,0,40,40,214,0,0,0,0,0,0,4,1,0,0,4,0,0,0,0,0,0,0,0,0,0,0
http://loyaltylion.com,1,1,0,0,0,1,0,1,0,0,0,1,0,0,0,100,0,0,14,36,14,68,1,1,1,4762,0,99,66,134,1,1,0,0,1,0,22,0,0,0,0,58,0,0,0,0,0,0,0,0,0,0
http://bananarepublic.com,1,1,1,0,0,1,0,0,0,0,0,1,10,0,0,8,0,0,21,0,47,60,0,0,0,349,0,22,4,86,0,0,1,0,0,0,4,0,0,0,0,8,0,0,0,0,0,0,0,0,0,0
http://charitywater.org,1,1,1,0,0,1,0,1,1,0,0,13,1,0,0,34,0,0,23,26,10,78,1,1,1,5762,0,38,23,294,0,1,1,0,0,1,21,1,0,1,13,55,0,0,0,0,0,0,0,0,0,0
http://ahgora.com.br,1,1,1,0,0,1,0,1,0,0,0,4,8,0,24,0,0,0,10,68,22,50,1,1,1,9564,8,0,125,193,0,0,1,0,1,0,16,0,0,0,0,88,0,0,0,0,0,0,0,0,0,0
http://midco.net,1,1,1,0,0,1,0,0,0,0,0,2,3,0,0,273,0,0,4,41,12,34,0,1,1,9208,2,333,10,277,0,1,1,0,1,0,7,1,0,0,0,32,0,0,0,0,0,0,0,0,0,0
http://auctor.tv,1,1,1,0,1,1,0,0,1,0,0,15,1,0,0,17,0,0,23,21,20,39,0,1,1,8646,0,116,23,155,0,0,1,0,0,1,4,0,0,0,0,51,0,0,0,0,0,0,0,0,0,0
http://plitv.tv,1,1,0,0,1,1,1,0,1,0,0,7,0,0,5,12,0,8,5,16,8,36,1,0,1,3825,0,80,13,32,0,0,1,0,0,1,3,0,0,0,0,18,1,0,0,0,0,0,0,0,0,0
http://schleswig-holstein.de,1,1,1,0,0,1,0,0,1,0,0,26,29,0,0,402,0,0,30,53,4,57,1,1,0,29873,0,407,29,197,19,1,1,0,0,1,15,1,0,1,4,180,0,0,0,0,0,0,0,0,1,0
http://redfastlabs.com,0,0,0,0,0,0,0,0,0,0,0,0,0,0,0,0,0,0,0,0,0,0,0,0,0,0,0,0,0,0,0,0,0,0,0,0,0,0,0,0,0,0,0,0,0,0,0,0,0,0,0,0
http://goldenglobes.com,1,1,1,1,0,1,0,1,0,0,1,5,7,1,0,74,0,0,19,3,13,13,1,1,1,11542,0,123,24,188,0,1,1,0,1,1,19,1,0,1,1,15,0,0,0,0,0,0,0,0,0,0
http://cram.com,1,1,1,0,1,1,0,0,0,0,0,3,1,0,0,359,0,0,6,17,12,57,1,1,1,22966,0,369,8,67,0,1,1,0,1,1,6,1,0,0,0,17,0,0,0,0,0,0,0,0,0,0
http://dentons.com,1,1,1,0,0,1,0,0,1,0,0,9,12,0,0,22,0,0,17,10,29,30,0,1,1,3889,1,54,23,151,1,1,1,0,1,1,11,1,0,0,0,22,0,0,0,0,0,0,0,0,0,0
http://vitally.io,1,1,0,0,1,1,0,1,0,0,1,4,0,0,0,0,0,0,33,86,29,53,1,1,1,16459,0,194,167,687,0,0,1,0,1,1,14,1,0,0,2,9,0,0,0,0,0,0,0,0,0,0
http://realmoneyslots-mobile.com,1,0,1,0,0,1,0,0,0,0,0,0,22,0,0,28,0,9,11,37,11,69,1,1,1,16035,5,61,15,201,0,1,0,0,0,0,14,0,0,1,34,34,1,0,0,0,0,0,0,0,1,0
http://latex-project.org,1,1,0,0,1,1,0,0,1,0,0,5,0,0,0,26,0,0,2,8,7,37,1,1,1,3061,0,48,1,16,0,1,1,0,0,1,4,1,0,0,0,9,0,0,0,0,0,0,0,0,1,0
http://youdo.com,1,1,1,0,0,1,0,0,1,0,0,2,2,0,0,36,0,0,13,0,13,90,0,0,0,6047,1,309,21,212,0,1,1,0,0,1,8,0,0,1,4,66,0,0,0,0,0,0,0,0,0,0
http://tissotwatches.com,1,1,1,0,0,1,0,1,1,0,0,4,8,0,0,204,0,0,58,36,58,43,1,1,1,14339,4,280,45,304,12,1,1,0,0,0,8,1,0,0,0,171,0,0,0,0,0,0,0,0,0,0
http://fmworld.net,1,0,0,0,0,1,0,0,0,0,0,0,0,0,0,20,0,0,13,45,20,26,0,1,1,1579,0,33,50,69,16,1,0,0,1,0,12,0,0,0,0,10,0,0,0,0,0,0,0,0,0,0
http://digift.ru,1,1,1,0,0,1,0,1,1,0,1,3,3,0,0,14,0,0,16,0,107,87,0,0,0,7234,2,145,74,1301,0,1,1,1,0,0,13,0,0,0,8,7,0,0,0,0,0,0,0,0,0,0
http://ing.com.au,1,1,1,0,0,1,0,0,0,0,0,3,1,0,0,132,0,0,13,247,9,18,1,1,1,41962,0,286,19,665,0,1,1,0,0,1,14,0,0,0,0,112,0,0,0,0,0,0,0,0,0,0
http://babycentre.co.uk,1,1,1,0,0,1,0,0,0,0,0,2,52,0,0,146,0,0,24,0,47,91,1,1,1,20658,52,435,261,1077,9,1,1,0,0,0,22,0,0,0,0,283,0,0,0,0,0,0,0,0,0,0
http://zoozhamster.com,1,1,1,0,0,1,0,0,0,0,0,1,1,0,0,51,0,0,4,2,10,77,1,0,0,1669,0,52,35,231,0,1,1,0,0,1,5,1,0,0,0,2,0,0,0,0,0,0,0,0,0,0
http://sol.no,1,1,1,0,1,1,0,0,1,0,1,4,1,0,0,55,0,0,16,4,37,44,0,0,1,8391,0,194,132,431,144,1,1,0,0,1,14,1,0,0,50,408,0,0,0,0,0,0,0,0,0,0
http://seia.org,1,1,0,0,1,1,0,0,0,0,1,4,0,0,0,61,0,0,31,6,47,42,1,1,1,5406,0,100,17,82,0,1,1,0,1,1,22,1,0,0,1,27,0,0,0,0,0,0,0,0,0,0
http://neftm.ru,1,1,0,0,1,1,0,0,1,0,0,16,0,0,0,61,0,0,5,2284,28,25,0,0,1,41112,0,80,71,1309,0,1,1,1,0,1,5,0,0,0,0,250,0,0,0,0,0,0,0,0,0,0
http://mondo.rs,1,1,1,0,0,1,0,0,0,0,0,10,4,0,0,212,0,0,32,413,40,58,1,1,0,25716,0,522,65,1683,0,1,1,1,1,1,32,0,0,1,262,712,0,0,0,0,0,0,0,0,0,0
http://tax.gov.ma,1,1,0,0,1,1,0,0,0,0,0,2,0,0,17,90,0,20,38,1,19,29,1,1,1,7101,0,113,48,264,0,1,1,0,0,1,2,1,0,0,0,150,10,0,0,0,0,0,0,0,0,0
http://aan.com,1,1,1,0,0,1,1,0,1,0,0,5,23,0,0,15,0,0,4,38,20,56,1,1,1,7777,4,127,18,14,8,1,1,0,1,1,9,1,0,0,0,15,0,0,0,0,0,0,0,0,0,0
http://cortefiel.com,1,1,1,0,1,1,0,0,1,0,0,9,11,0,0,271,0,0,58,10,29,47,0,1,1,19736,8,348,7,329,0,1,1,0,0,1,17,0,0,1,4,110,0,0,0,0,0,0,0,0,0,0
http://whisk.com,1,1,1,0,0,1,0,0,0,0,1,2,3,0,0,31,0,69,15,82,6,60,1,1,0,10377,1,63,10,141,0,1,0,0,1,0,23,1,0,1,5,92,3,0,0,0,0,0,0,0,0,0
http://prabhatkhabar.com,1,1,1,0,0,1,0,0,0,0,0,3,3,0,0,122,0,0,33,11,104,112,1,0,1,20516,0,507,135,1688,0,0,1,0,1,1,30,0,0,0,0,218,0,0,0,0,0,0,0,0,0,0
http://gitam.edu,1,1,1,0,0,1,0,0,1,0,0,6,7,0,27,231,0,0,5,40,6,82,1,1,1,14549,1,290,59,792,0,1,1,0,1,0,6,1,0,1,32,21,0,0,0,0,0,0,0,0,0,0
http://wd.com,1,1,1,0,0,1,1,1,1,0,0,47,107,0,4,209,0,0,73,126,8,75,1,1,1,30576,14,283,34,1469,0,1,1,0,0,1,21,1,0,1,105,151,0,0,0,0,0,0,0,0,0,0
http://bitgo.com,1,1,1,0,0,1,0,0,0,0,0,2,4,0,0,0,0,0,6,24,9,62,1,1,0,5586,4,119,29,256,0,0,0,0,1,1,13,0,0,1,60,15,0,0,0,0,0,0,0,0,0,0
http://shishartech.com,0,0,0,0,0,0,0,0,0,0,0,0,0,0,0,0,0,0,0,0,2,0,0,0,0,8,0,0,0,0,0,0,0,0,0,0,0,0,0,0,0,0,0,0,0,0,0,0,0,0,0,0
http://missoulian.com,1,1,1,0,1,1,0,0,1,0,0,28,7,0,0,121,0,0,78,56,53,173,0,0,1,19503,3,285,75,928,65,1,1,0,1,1,25,1,0,0,0,176,0,0,0,0,0,0,0,0,0,0
http://typenetwork.com,1,1,0,0,1,1,0,1,0,0,0,5,0,0,0,0,0,0,8,24,13,12,1,0,0,5358,0,106,17,227,0,1,1,0,0,1,11,1,0,0,0,94,0,0,0,0,0,0,0,0,0,0
http://bestvpn.org,1,1,1,0,0,1,0,0,0,0,0,1,2,0,0,191,0,0,21,40,16,49,1,1,1,18054,0,152,42,345,0,1,1,0,0,0,23,1,0,0,0,33,0,0,0,0,0,0,0,0,0,0
http://kettering.edu,1,1,1,0,1,1,0,0,1,0,0,4,3,0,0,334,0,0,6,30,7,43,1,1,1,11672,2,335,21,223,4,1,1,0,1,1,5,1,0,1,9,33,0,0,0,0,0,0,0,0,0,0
http://opentextbc.ca,1,0,0,0,0,1,0,0,0,0,0,0,0,0,0,11,0,0,11,14,6,75,1,1,0,1030,0,28,4,30,0,1,0,0,0,0,5,1,0,0,0,6,0,0,0,0,0,0,0,0,0,0
http://clubrunner.ca,1,1,1,0,0,1,0,0,0,0,0,1,2,0,0,25,0,0,20,8,33,30,1,1,1,4854,1,64,32,242,0,1,0,0,0,0,4,1,0,0,0,22,0,0,0,0,0,0,0,0,0,0
http://namespro.ca,1,1,0,0,0,1,0,0,1,0,0,17,0,0,0,105,0,73,7,0,23,142,0,0,0,29977,0,148,72,3,0,0,1,0,0,1,18,0,0,0,0,17,26,0,0,0,0,0,0,0,0,0
http://mobvoi.com,1,1,1,0,0,1,0,0,0,0,0,1,1,0,0,2,0,0,2,1,16,73,1,1,0,859,0,30,5,35,0,0,0,0,1,1,23,0,0,0,0,2,0,0,0,0,0,0,0,0,0,0
http://tink.com,1,0,1,0,0,1,0,0,0,0,0,0,27,0,0,0,0,0,11,128,9,57,1,1,1,12800,4,206,33,653,0,0,0,0,0,0,13,1,0,0,0,34,0,0,0,0,0,0,0,0,0,0
http://iki.fi,1,1,0,0,1,1,0,0,0,0,0,2,0,0,0,0,0,1,4,20,1,6,1,1,0,3092,0,29,5,6,0,0,1,0,1,0,1,0,0,0,0,9,1,0,0,0,0,0,0,0,0,0
http://ktv.jp,1,0,0,0,0,1,0,0,0,0,0,0,0,0,0,37,0,0,7,0,10,12,0,1,1,480,0,44,39,52,0,1,0,0,0,0,16,0,0,0,0,9,0,0,0,0,0,0,0,0,0,0
http://empornium.sx,1,0,0,0,0,1,0,0,0,0,0,0,0,0,0,2,0,0,3,0,9,148,0,1,0,251,0,4,1,9,0,0,0,0,0,0,3,0,0,0,0,3,0,0,0,0,0,0,0,0,0,0
http://sabanciuniv.edu,1,1,1,0,1,1,0,0,1,0,1,6,3,0,0,111,0,0,8,69,6,32,0,1,1,13090,2,169,21,312,20,1,1,0,0,1,6,1,0,0,1,99,0,0,0,0,0,0,0,0,0,0
http://sigmapool.com,1,1,1,0,0,1,0,0,0,0,0,1,1,0,0,11,0,0,7,2,19,49,0,0,0,530,0,22,6,25,0,1,0,0,0,0,9,1,0,0,0,33,0,0,0,0,0,0,0,0,0,0
http://nebula.fi,1,1,0,0,0,1,0,0,0,0,0,6,0,0,0,0,0,0,5,16,13,17,1,1,1,17323,0,192,16,489,0,1,1,0,1,1,13,1,0,1,2,73,0,0,0,0,0,0,0,0,0,0
http://enjin.com,1,1,0,0,1,1,0,0,0,0,0,14,0,0,0,3,0,0,5,48,18,61,1,1,1,7918,0,183,138,878,0,0,1,0,1,0,12,1,0,0,0,10,0,0,0,0,0,0,0,0,0,0
http://reactos.org,1,1,1,0,0,1,0,0,0,0,0,2,4,0,0,60,0,0,12,13,7,28,1,1,1,4010,2,93,9,56,0,1,1,0,0,1,11,0,0,0,0,14,0,0,0,0,0,0,0,0,0,0
http://curiositystream.com,1,1,1,0,0,1,1,1,0,0,0,2,5,0,0,21,3,7,16,8,31,50,1,1,1,1715,4,26,0,197,0,1,1,0,0,0,22,1,0,0,0,74,1,0,0,0,0,0,0,0,0,0
http://kshb.com,1,1,1,0,0,1,0,0,0,0,0,2,3,0,9,177,0,0,14,68,28,62,0,0,1,16320,0,247,72,735,0,1,1,0,1,1,33,1,0,1,134,23,0,0,0,0,0,0,0,0,0,0
http://myjobhelper.com,1,1,0,0,1,1,0,0,1,0,1,5,0,0,0,19,0,0,8,0,17,45,1,0,0,3555,0,43,19,69,0,0,1,0,1,1,9,1,0,0,2,6,0,0,0,0,0,0,0,0,0,0
http://sourceforge.jp,1,1,1,0,0,1,1,0,1,0,0,8,5,0,0,41,0,0,21,0,7,31,0,1,1,9056,2,77,5,197,0,1,1,0,0,1,14,0,0,0,0,15,0,0,0,0,0,0,0,0,0,0
http://stopgame.ru,1,1,1,0,0,1,0,0,0,0,0,62,50,0,0,276,0,0,42,1,8,59,1,1,1,8576,18,291,90,419,0,1,1,0,0,1,21,1,0,1,188,310,0,0,0,0,0,0,0,0,0,0
http://memri.org,1,1,0,0,1,1,0,0,1,0,0,5,0,0,0,100,0,0,11,2,31,44,1,1,1,7394,0,167,30,155,0,1,1,0,1,1,19,1,0,0,0,11,0,0,0,0,0,0,0,0,0,0
http://kasparov.ru,1,1,0,0,1,1,0,0,1,0,0,10,0,0,0,82,0,0,4,0,9,11,1,1,1,11714,0,204,76,458,0,0,1,0,0,1,6,0,0,0,0,91,0,0,0,0,0,0,0,0,0,0
http://ytmnd.com,1,1,0,0,1,1,1,0,1,0,0,7,0,0,0,46,0,0,3,3,7,31,1,1,0,3211,0,126,12,45,0,0,1,0,0,1,1,0,0,0,0,79,0,0,0,0,0,0,0,0,0,0
http://watoday.com.au,1,1,1,0,1,1,0,0,0,0,0,2,21,0,0,179,0,0,39,50,20,61,1,1,1,16332,0,458,82,535,74,1,1,0,1,0,30,1,0,1,148,84,0,0,0,0,0,0,0,0,0,0
http://dwservice.net,1,1,1,0,0,1,0,0,0,0,0,1,4,0,0,47,0,0,4,0,12,64,0,1,0,2815,3,89,31,146,8,1,0,0,1,0,4,1,0,0,0,18,0,0,0,0,0,0,0,0,0,0
http://kpi.ua,1,0,0,0,0,1,0,0,0,0,0,0,0,0,0,217,0,0,5,6,5,25,0,1,0,6792,0,269,26,225,0,1,0,0,1,0,8,1,0,0,0,28,0,0,0,0,0,0,0,0,0,0
http://perfectgame.org,1,1,1,0,1,1,1,0,1,0,0,39,4,0,0,105,0,22,13,2,43,65,0,0,0,12312,4,319,109,594,0,0,1,0,1,1,19,1,0,0,0,141,8,0,0,0,0,0,0,0,0,0
http://freedom.to,1,1,0,0,1,1,0,1,0,0,0,2,0,0,0,51,0,0,24,17,16,71,1,1,0,4291,0,71,19,89,0,1,1,0,1,0,30,1,0,1,2,1,0,0,0,0,0,0,0,0,0,0
http://cointiply.com,1,1,1,0,0,1,0,0,1,0,0,2,2,0,0,27,0,0,17,42,9,45,1,1,1,10913,1,48,33,220,0,1,1,0,0,1,7,1,0,1,2,18,0,0,0,0,0,0,0,0,0,0
http://mosline.ru,1,0,1,0,0,1,0,0,0,0,0,0,3,0,0,8,0,0,48,14,98,7,0,1,1,5921,1,14,18,180,0,0,0,0,0,0,23,1,0,0,0,23,0,0,0,0,0,0,0,0,0,0
http://life.com,1,1,1,0,0,1,0,0,0,0,0,1,9,0,0,11,0,0,26,8,20,46,1,1,1,2186,0,61,43,36,0,0,1,0,1,0,14,1,0,0,0,9,0,0,0,0,0,0,0,0,0,0
http://element14.com,1,1,1,0,0,1,0,0,1,0,0,4,9,0,0,152,0,0,56,35,57,41,1,1,1,11448,0,193,28,420,0,1,1,0,0,0,31,1,0,0,0,112,0,0,0,0,0,0,0,0,0,0
http://githack.com,1,1,1,0,0,1,0,0,0,0,0,3,2,0,0,8,0,0,4,9,6,42,1,1,0,893,0,11,1,7,0,1,1,0,0,0,3,1,0,0,0,1,0,0,0,0,0,0,0,0,0,0
http://mobilon.ru,1,1,1,0,0,1,0,1,1,0,0,75,80,0,0,516,0,22,22,55,96,63,0,0,0,48366,69,191,145,1701,0,0,1,0,1,1,52,1,0,0,0,12,22,0,0,0,0,0,0,0,0,0
http://post-blogs.com,1,0,0,0,0,1,0,0,0,0,1,0,0,0,0,0,0,0,13,0,0,22,1,0,0,211,0,8,1,23,0,1,0,0,0,0,4,0,0,0,0,1,0,0,0,0,0,0,0,0,1,0
http://cnolnic.com,1,1,0,0,1,1,0,0,1,0,0,26,0,0,0,140,9,6,6,36,18,37,0,1,1,3818,0,215,24,125,0,0,1,0,0,1,9,0,0,0,0,26,3,0,0,0,0,0,0,0,0,0
http://nexttv.com,1,1,1,0,1,1,0,1,1,0,0,12,1,0,0,23,0,0,30,49,62,82,1,1,1,8917,0,79,31,190,29,1,1,0,0,0,19,1,0,1,29,67,0,0,0,0,0,0,0,0,0,0
http://koreaidc.com,1,0,0,0,0,1,0,0,0,0,0,0,0,0,3,101,11,11,6,2,8,9,1,1,1,2430,0,76,13,39,0,1,0,0,1,0,16,1,0,0,0,22,2,0,0,0,0,0,0,0,0,0
http://getgalatea.com,1,0,1,0,0,1,0,0,0,0,0,0,7,0,0,59,0,0,21,3,8,26,1,1,0,488,0,75,56,133,0,0,0,0,1,0,29,0,0,0,0,12,0,0,0,0,0,0,0,0,0,0
http://whitehouseblackmarket.com,1,1,1,1,0,1,0,0,0,0,0,2,14,1,0,35,0,0,11,35,129,123,0,0,0,4264,13,103,32,218,0,1,1,0,0,1,14,1,0,0,0,114,0,0,0,0,0,0,0,1,0,0
http://gradesaver.com,1,1,1,0,1,1,1,1,1,0,0,7,2,0,0,53,0,0,17,16,17,41,1,0,1,5051,0,101,9,47,6,1,1,0,0,0,26,1,0,0,0,61,0,0,0,0,0,0,0,0,0,0
http://redcom.ru,1,1,1,0,1,1,0,1,1,0,0,17,13,0,0,147,0,0,8,73,43,130,1,1,1,10130,0,178,56,230,0,1,1,0,0,1,5,1,0,1,40,35,0,0,0,0,0,0,0,0,0,0
http://weathercloud.net,1,1,1,0,0,1,1,0,1,0,0,5,3,0,0,28,0,0,20,16,11,49,1,1,0,2586,2,33,8,66,0,0,1,0,0,1,7,0,0,0,0,12,0,0,0,0,0,0,0,0,0,0
http://lotum.com,1,0,1,0,0,1,0,0,0,0,1,0,1,0,0,13,0,0,19,2,6,22,0,1,0,329,0,25,10,23,0,1,0,0,0,0,8,0,0,0,2,5,0,0,0,0,0,0,0,0,0,0
http://81.cn,1,1,1,0,0,1,0,0,1,0,0,3,1,0,0,456,0,0,6,5,6,22,1,1,1,21482,0,628,91,460,0,0,1,0,0,1,13,0,0,0,0,36,0,0,0,0,0,0,0,0,0,0
http://zcu.cz,1,1,1,0,0,1,0,0,0,0,0,1,1,0,0,42,0,0,16,2,28,30,1,1,1,4458,0,72,19,125,0,1,1,0,0,0,5,1,0,1,1,3,0,0,0,0,0,0,0,0,0,0
http://linux.pl,1,1,1,0,0,1,0,0,0,0,0,1,2,0,0,181,0,0,26,3,26,32,0,1,1,7537,0,401,68,649,0,1,1,0,0,0,16,1,0,0,0,125,0,0,0,0,0,0,0,0,0,0
http://dochase.com,1,1,1,0,1,1,0,0,1,0,0,13,19,0,13,35,0,0,13,69,80,18,0,0,0,5782,6,60,271,415,0,0,1,0,0,1,12,1,0,1,128,51,0,0,0,0,0,0,0,0,0,0
http://xd.com,1,1,1,0,0,1,0,0,0,0,0,1,2,0,0,7,0,0,7,12,6,2,0,0,0,1368,1,35,1,103,0,0,0,0,0,1,17,0,0,0,0,9,0,0,0,0,0,0,0,0,0,0
http://business-humanrights.org,1,1,1,0,0,1,0,0,0,0,0,5,9,0,0,52,0,0,7,65,11,51,1,1,1,16869,0,140,11,271,11,1,1,0,1,1,10,1,0,1,2,14,0,0,0,0,0,0,0,0,1,0
http://goodlayers.com,1,1,0,0,1,1,0,1,1,0,0,4,0,0,0,35,0,0,25,29,11,37,0,0,1,7270,0,95,31,512,1,1,1,0,0,0,4,0,0,0,0,98,0,0,0,0,0,0,0,0,0,0
http://e-flux.com,1,1,1,0,0,1,0,1,0,0,1,12,1,0,0,49,0,0,5,27,21,6,0,0,0,29566,0,295,92,770,0,1,1,0,0,1,14,1,0,0,1,288,0,0,0,0,0,0,0,1,1,0
http://interestingfacts.com,1,1,1,0,0,1,0,1,0,0,0,3,7,0,0,0,0,0,7,3,30,17,0,1,1,742,2,32,3,79,1,0,1,0,0,0,13,0,0,0,0,0,0,0,0,0,0,0,0,0,0,0
http://cenariomt.com.br,1,1,0,0,1,1,0,0,0,0,0,8,0,0,0,153,0,0,22,6,68,35,1,1,1,20667,0,638,298,1395,1,1,1,0,0,0,37,1,0,0,0,582,0,0,0,0,0,0,0,1,0,0
http://playhop.com,1,1,1,0,1,1,0,0,1,0,0,6,1,0,0,0,0,0,1,0,6,14,0,0,0,436,1,5,2,17,0,0,1,0,0,0,6,0,0,0,0,9,0,0,0,0,0,0,0,0,0,0
http://igp.com,1,1,1,0,0,1,0,1,1,0,0,9,12,0,0,14,0,8,21,106,13,80,1,1,1,39781,1,426,245,761,0,1,1,0,1,1,27,0,0,0,0,474,1,0,0,0,0,0,0,0,0,0
http://ship.edu,1,1,1,0,0,1,0,0,0,0,0,1,1,0,0,68,0,0,4,4,15,23,1,1,0,3973,0,103,12,137,3,1,1,0,1,0,11,1,0,1,15,46,0,0,0,0,0,0,0,0,0,0
http://idownloadblog.com,1,1,0,0,1,1,0,0,0,0,0,14,0,0,0,86,0,0,16,15,29,54,0,1,1,6147,0,125,24,72,0,1,1,0,0,0,17,1,0,0,0,6,0,0,0,0,0,0,0,0,0,0
http://dailyshincho.jp,1,1,1,0,1,1,0,0,0,0,0,3,4,0,0,9,0,0,7,56,37,6,1,1,1,2252,0,90,38,79,0,1,1,0,1,1,17,1,0,0,0,21,0,0,0,0,0,0,0,0,0,0
http://zerobounce.net,1,1,1,0,0,1,0,1,0,0,0,3,8,0,0,118,0,0,10,83,11,62,1,1,1,10491,0,128,85,434,0,1,1,0,0,1,20,1,0,0,0,107,0,0,0,0,0,0,0,0,0,0
http://mypepsico.com,1,0,0,0,0,1,0,0,0,0,0,0,0,0,0,1,0,0,5,3,7,17,0,1,0,594,0,12,1,13,0,0,0,0,0,0,6,1,0,0,0,4,0,0,0,0,0,0,0,0,0,0
http://coze.com,1,0,0,0,0,1,0,0,0,0,0,0,0,0,0,0,0,0,4,0,26,4,0,0,0,4,0,0,0,1,0,0,0,0,0,0,17,0,0,0,0,0,0,0,0,0,0,0,0,0,0,0
http://ohiolink.edu,1,1,1,0,1,1,0,0,1,0,0,4,1,0,0,86,0,0,10,12,19,8,1,1,1,4910,1,130,13,147,0,1,1,0,0,1,12,1,0,0,0,28,0,0,0,0,0,0,0,0,0,0
http://leagueapps.com,1,1,1,0,1,1,0,1,0,0,1,14,3,0,71,98,0,0,19,11,25,45,0,1,1,7059,1,119,59,381,0,1,1,0,0,1,25,0,0,0,2,72,0,0,0,0,0,0,0,0,0,0
http://competethemes.com,1,1,1,0,0,1,0,0,0,0,0,1,5,0,0,13,0,0,14,24,8,54,1,1,0,3618,0,41,15,81,0,1,1,0,0,0,19,0,0,0,0,19,0,0,0,0,0,0,0,0,0,0
http://craftsy.com,1,1,1,0,1,1,1,0,1,0,0,25,25,0,0,68,0,0,23,19,71,38,0,1,1,87986,17,367,301,2890,294,1,1,0,1,1,27,1,0,1,0,1428,0,0,0,0,0,0,0,0,0,0
http://scupio.com,0,0,0,0,0,0,0,0,0,0,0,0,0,0,0,0,0,0,0,0,0,0,0,0,0,8,0,0,0,0,0,0,0,0,0,0,1,0,0,0,0,0,0,0,0,0,0,0,0,0,0,0
http://zoiper.com,1,1,1,0,0,1,1,0,0,0,0,3,12,0,0,68,0,0,8,28,13,89,1,1,1,5228,0,40,27,81,0,0,1,0,0,1,5,0,0,0,0,9,0,0,0,0,0,0,0,0,0,0
http://ri.se,1,1,0,0,1,1,0,0,0,0,0,2,0,0,0,29,0,0,16,9,5,43,1,1,1,3078,0,59,3,108,0,1,1,0,1,0,22,1,0,0,0,10,0,0,0,0,0,0,0,0,0,0
http://jlu.edu.cn,1,1,0,0,1,1,0,0,1,0,0,5,0,0,0,92,0,1,3,9,26,4,0,0,0,2275,0,146,14,63,0,0,1,0,0,1,4,0,0,0,0,27,1,0,0,0,0,0,0,0,0,0
http://animaker.com,1,0,0,0,0,1,0,0,0,0,1,0,0,0,0,151,0,0,27,51,20,47,1,1,1,10365,0,173,81,259,0,1,0,0,0,0,22,1,0,0,7,12,0,0,0,0,0,0,0,0,0,0
http://uai.com.br,1,1,1,0,0,1,0,0,0,0,0,1,15,0,0,81,0,0,21,48,28,41,1,1,1,17664,14,280,126,264,29,1,0,0,1,1,25,0,0,0,0,142,0,0,0,0,0,0,0,0,0,0
http://csf.ne.jp,1,0,0,0,0,1,0,0,0,0,0,0,0,0,0,66,0,0,34,22,70,12,1,1,1,3244,0,169,64,31,0,1,0,0,1,0,18,1,0,0,0,42,0,0,0,0,0,0,0,0,0,0
http://cm.expert,1,1,1,0,1,1,0,0,1,0,0,6,1,0,0,0,0,0,1,0,7,10,0,0,0,481,1,5,3,18,0,0,1,0,0,0,6,0,0,0,0,9,0,0,0,0,0,0,0,0,0,0
http://revistagq.com,1,0,1,0,0,1,0,0,0,0,0,0,7,0,0,77,0,0,9,30,41,79,1,1,1,5406,6,120,23,439,1,1,0,0,1,0,33,1,0,1,43,132,0,0,0,0,0,0,0,0,0,0
http://multiversonoticias.com.br,1,1,0,0,1,1,0,0,0,0,0,4,0,0,0,9,0,0,39,0,39,19,1,1,1,5496,0,94,4,179,0,1,1,0,1,0,22,1,0,0,0,20,0,0,0,0,0,0,0,0,0,0
http://bvb.de,1,1,1,0,1,1,0,0,1,1,0,8,1,0,0,382,0,0,26,65,75,17,0,1,1,22746,0,474,247,261,30,1,1,0,0,1,11,1,0,0,1,154,0,0,0,0,0,0,0,0,0,0
http://meetadultmodel.com,1,0,1,0,0,1,0,0,0,0,0,0,17,0,0,86,0,0,59,25,60,60,1,1,1,8290,0,90,2,48,0,1,0,0,0,0,15,1,0,0,0,2,0,0,0,0,0,0,0,0,0,0
http://fitnyc.edu,1,1,1,0,0,1,0,0,0,0,0,1,458,0,0,2125,0,0,11,13,15,4,1,1,1,57534,0,2147,6,117,0,1,1,0,1,0,18,1,0,0,0,498,0,0,0,0,0,0,0,0,0,0
http://atube.xxx,1,1,1,0,0,1,0,0,0,0,0,3,1,0,0,43,0,0,66,15,19,44,1,1,1,4370,0,195,72,201,0,0,1,0,0,1,10,1,0,0,0,127,0,0,0,0,0,0,0,0,0,0
http://whs.ee,1,0,0,0,0,1,0,0,0,0,0,0,0,0,0,0,0,0,8,1,6,20,1,0,1,160,0,0,0,8,0,0,0,0,0,0,2,0,0,0,0,0,0,0,0,0,0,0,0,0,0,0
http://hardoff.co.jp,1,0,0,0,0,1,0,0,0,0,0,0,0,0,0,34,0,0,18,67,9,45,1,1,1,2531,0,65,23,41,12,1,0,0,1,0,17,1,0,0,0,19,0,0,0,0,0,0,0,0,0,0
http://sggw.edu.pl,1,1,1,0,1,1,0,0,0,0,0,2,7,0,0,43,0,0,21,34,43,65,0,1,1,6071,0,86,66,387,0,1,1,0,1,0,19,1,0,1,0,40,0,0,0,0,0,0,0,0,0,0
http://eversource.com,1,1,1,0,0,1,0,0,1,0,0,4,4,0,1,40,0,0,7,10,13,46,1,1,1,3531,0,46,10,69,0,1,0,0,0,1,13,1,0,0,0,8,0,0,0,0,0,0,0,0,0,0
http://shinservice.ru,1,1,1,0,0,1,0,0,0,0,0,49,16,0,110,92,0,0,34,10,31,65,1,1,1,8675,0,279,41,538,0,1,1,0,1,0,17,1,0,1,1,162,0,0,0,0,0,0,0,0,0,0
http://konicaminolta.com,1,0,1,0,0,1,0,0,0,0,0,0,2,0,2,46,0,0,22,19,17,19,1,1,1,3059,2,59,19,65,12,0,1,0,1,0,6,1,0,0,0,18,0,0,0,0,0,0,0,0,0,0
http://sideshow.com,1,1,1,0,0,1,0,0,0,0,1,1,10,0,0,203,0,0,17,13,41,45,1,1,1,10634,2,250,69,261,0,1,1,0,0,1,32,1,0,1,2,83,0,0,0,0,0,0,0,0,0,0
http://rebates.jp,1,1,1,0,1,1,0,0,1,0,0,12,18,0,0,131,0,0,2,175,19,30,0,0,0,4665,5,538,48,410,0,0,1,0,0,1,29,1,0,1,1,365,0,0,0,0,0,0,0,0,0,0
http://jackpotcitycasino.com,1,0,1,0,0,1,0,0,0,0,0,0,1,0,0,0,0,0,10,24,61,63,1,1,0,3402,1,49,20,151,0,0,0,0,1,0,4,1,0,0,0,2,0,0,0,0,0,0,0,0,0,0
http://strtech.org,1,0,1,0,0,1,0,0,0,0,0,0,2,0,0,49,0,0,15,16,8,140,1,1,1,3590,1,51,15,89,0,1,0,0,1,0,20,0,0,0,0,12,0,0,0,0,0,0,0,0,0,0
http://jkha742.xyz,0,0,0,0,0,0,0,0,0,0,0,0,0,0,0,0,0,0,0,0,0,0,0,0,0,1,0,0,0,0,0,0,0,0,0,0,0,0,0,0,0,0,0,0,0,0,0,0,0,0,0,0
http://digitalproserver.com,1,1,0,0,1,1,0,1,0,0,1,3,0,0,0,17,0,0,14,13,14,36,1,1,1,2989,0,19,20,66,0,1,1,1,0,1,6,1,0,0,0,15,0,0,0,0,0,0,0,0,0,0
http://takungpao.com,1,1,0,0,1,1,0,0,1,0,0,8,0,0,0,117,0,0,4,0,10,3,1,0,1,24730,0,969,242,100,0,0,1,0,0,1,5,0,0,0,0,14,0,0,0,0,0,0,0,0,0,0
http://seattlechildrens.org,1,1,1,0,0,1,0,0,0,0,0,1,1,0,0,95,0,0,27,26,7,20,1,1,0,6448,0,131,8,167,0,1,1,0,1,1,25,1,0,0,0,26,0,0,0,0,0,0,0,0,0,0
http://comarch.pl,1,1,1,0,0,1,0,0,0,0,0,1,43,0,30,430,0,0,9,36,10,73,0,1,1,19114,0,537,25,681,23,1,1,0,1,1,13,1,0,0,0,62,0,0,0,0,0,0,0,0,0,0
http://tug.org,1,1,0,0,1,1,0,0,1,0,0,8,0,0,0,12,0,1,2,15,0,21,0,1,0,5763,0,141,2,5,0,0,1,0,0,0,3,0,0,0,0,0,1,0,0,0,0,0,0,0,0,0
http://picturethisai.com,1,1,1,0,0,1,0,0,0,0,0,3,3,0,0,0,24,6,17,6,4,64,0,0,0,27020,0,144,202,652,0,0,0,0,0,0,9,0,0,0,0,86,2,0,0,0,0,0,0,0,0,0
http://starapps.studio,1,0,0,0,0,1,0,0,0,0,0,0,0,0,0,0,0,0,5,13,8,57,1,0,1,2993,0,15,24,70,0,0,0,0,0,0,3,1,0,0,0,16,0,0,0,0,0,0,0,0,0,0
http://grademiners.com,1,0,0,0,0,1,0,0,0,0,0,0,0,0,0,71,0,5,23,54,18,57,1,1,1,25172,0,74,32,364,0,1,0,0,1,0,19,0,0,1,5,12,1,0,0,0,0,0,0,0,0,0
http://lowyat.net,1,1,1,0,0,1,0,0,0,0,0,5,5,0,0,151,0,0,43,52,84,37,1,1,1,19555,0,639,86,1424,0,0,1,0,0,1,21,0,0,0,0,327,0,0,0,0,0,0,0,0,0,0
http://sexarbada.com,1,1,1,0,1,1,1,0,1,0,0,11,2,0,0,38,0,0,16,4,11,73,1,1,1,5171,0,93,42,128,0,1,1,0,0,1,18,1,0,0,0,237,0,0,0,0,0,0,0,0,0,0
http://heytap.com,1,0,1,0,0,1,0,0,0,0,0,0,2,0,0,18,0,0,16,13,20,4,1,0,1,912,0,36,6,72,0,1,0,0,0,0,7,1,0,0,0,7,0,0,0,0,0,0,0,0,0,0
http://gardenersworld.com,1,1,1,0,0,1,0,1,1,0,0,6,3,0,0,155,0,0,11,13,44,63,0,1,0,16189,0,353,66,761,0,1,1,0,1,1,27,1,0,1,764,287,0,0,0,0,0,0,0,0,0,0
http://safewise.com,1,1,1,0,0,1,0,0,0,0,0,1,3,0,51,0,0,0,19,190,39,49,1,1,1,12109,1,364,78,600,0,0,1,0,1,1,23,1,0,0,0,4,0,0,0,0,0,0,0,0,0,0
http://moscowtimes.ru,1,1,1,0,0,1,0,1,0,0,0,3,1,0,0,60,0,0,16,89,10,31,0,1,1,8875,0,138,51,371,42,1,0,0,1,0,26,1,0,0,0,19,0,0,0,0,0,0,0,0,0,0
http://cablecolor.hn,1,0,0,0,0,1,0,0,0,0,0,0,0,0,0,0,0,0,3,0,1,53,0,0,0,85,0,0,0,1,0,0,0,0,0,0,18,0,0,0,0,0,0,0,0,0,0,0,0,0,0,0
http://fosta-tv.com,1,1,1,0,0,1,1,0,1,0,0,4,3,0,0,105,0,0,25,1,31,5,0,1,1,5835,1,299,73,282,0,1,1,0,0,1,9,1,0,0,0,168,0,0,0,0,0,0,0,0,1,0
http://dustforce.com,1,0,0,0,0,1,0,0,0,0,0,0,0,0,0,11,0,0,1,0,3,9,0,0,0,243,0,14,0,17,0,0,0,0,0,0,1,0,0,0,0,0,0,0,0,0,0,0,0,0,0,0
http://podcastaddict.com,1,1,1,0,0,1,0,0,0,0,0,1,1,0,0,20,0,0,28,29,16,33,1,1,1,3000,1,118,30,137,0,1,1,0,0,0,34,1,0,0,0,9,0,0,0,0,0,0,0,1,0,0
http://freeslotsnodownload-ca.com,1,0,1,0,0,1,0,0,0,0,0,0,6,0,0,8,0,7,9,16,8,59,1,1,0,7120,3,88,41,312,0,0,0,0,0,0,16,0,0,1,82,19,7,0,0,0,0,0,0,0,1,0
http://mapcarta.com,1,1,1,0,0,1,0,0,0,0,0,1,2,0,0,4,0,4,21,0,3,23,1,1,1,2975,2,107,9,151,0,0,1,0,0,0,24,0,0,0,0,128,3,0,0,0,0,0,0,0,0,0
http://flagship.io,1,1,1,0,1,1,0,0,0,0,0,2,9,0,0,325,0,0,33,90,32,66,1,1,1,13865,3,270,54,255,32,1,1,0,1,0,22,1,0,0,0,90,0,0,0,0,0,0,0,0,0,0
http://pontomais.com.br,1,1,0,1,1,1,0,1,1,0,0,52,0,3,33,45,0,0,55,140,65,59,1,1,0,17037,0,141,65,828,5,0,1,1,0,1,21,1,0,0,0,255,0,0,0,0,0,0,0,0,0,0
http://hsbcnet.com,1,0,1,0,0,1,0,0,0,0,0,0,2,0,0,35,0,0,3,26,7,43,1,0,1,5727,0,62,27,83,0,1,0,0,0,0,6,0,0,0,0,32,0,0,0,0,0,0,0,1,0,0
http://glueup.com,1,1,1,0,0,1,0,1,1,0,0,14,4,0,9,105,0,0,29,31,20,65,1,1,1,17209,1,169,63,596,0,1,1,1,1,1,9,1,0,0,0,77,0,0,0,0,0,0,0,0,0,0
http://fleetdm.com,1,0,0,0,0,1,0,0,0,0,0,0,0,0,0,0,0,0,2,33,17,32,1,1,1,4109,0,97,40,131,0,0,0,0,1,0,10,0,0,0,0,7,0,0,0,0,0,0,0,0,0,0
http://monster.pt,1,1,1,0,0,1,0,0,1,0,0,15,11,0,0,79,0,0,35,9,16,73,1,1,1,3673,4,103,8,111,0,1,1,0,0,1,10,1,0,0,0,54,0,0,0,0,0,0,0,0,0,0
http://tophotels.ru,1,1,1,0,0,1,0,0,1,0,0,11,13,0,0,236,0,0,31,27,35,43,1,1,0,35437,4,383,26,258,0,1,0,0,0,1,25,1,0,0,0,68,0,0,0,0,0,0,0,0,0,0
http://adpopcorn.com,1,0,1,0,0,1,0,0,0,0,0,0,11,0,0,34,0,0,12,13,10,9,1,0,1,1340,0,37,21,53,0,1,0,0,0,0,12,1,0,1,2,5,0,0,0,0,0,0,0,0,0,0
http://bestcarweb.jp,1,1,0,0,1,1,0,0,0,0,0,4,0,0,0,37,0,0,42,37,41,13,0,1,0,5204,0,90,54,139,0,1,1,0,1,1,15,1,0,0,0,6,0,0,0,0,0,0,0,0,0,0
http://cps.edu,1,1,1,0,0,1,0,0,1,0,0,16,82,0,5,251,0,0,3,122,40,22,1,1,1,68585,55,368,13,488,0,1,1,1,1,1,11,1,0,0,0,126,0,0,0,0,0,0,0,0,0,0
http://homagames.com,1,0,1,0,0,1,0,0,0,0,1,0,23,0,0,40,0,0,6,23,15,22,1,1,1,6833,0,87,60,859,30,1,0,0,1,0,22,1,0,0,14,380,0,0,0,0,0,0,0,0,0,0
http://monkeyblade.net,0,0,0,0,0,0,0,0,0,0,0,0,0,0,0,0,0,0,0,0,0,0,0,0,0,44,0,0,0,0,0,0,0,0,0,0,0,0,0,0,0,0,0,0,0,0,0,0,0,0,0,0
http://aspetjournals.org,1,1,0,0,1,1,0,0,1,0,0,8,0,0,0,50,0,0,8,7,10,14,1,1,1,4439,0,71,7,173,0,1,1,0,1,1,3,1,0,0,0,20,0,0,0,0,0,0,0,0,0,0
http://dcfever.com,1,1,0,0,1,1,0,0,1,0,0,3,0,0,0,102,0,0,19,0,37,28,0,0,0,6695,0,255,56,290,0,0,1,0,0,1,9,0,0,0,0,179,0,0,0,0,0,0,0,0,0,0
http://termius.com,1,0,0,0,0,1,0,0,0,0,1,0,0,0,0,0,0,0,4,22,17,45,0,1,0,3576,0,80,40,99,0,0,0,0,1,0,10,1,0,0,2,0,0,0,0,0,0,0,0,0,0,0
http://hostinger.in,1,1,1,0,0,1,0,0,0,0,0,1,6,0,0,0,0,0,108,59,5,51,1,1,0,11578,6,142,421,1754,0,1,0,0,0,1,12,1,0,0,0,741,0,0,0,0,0,0,0,0,0,0
http://likebtn.com,1,1,1,0,0,1,0,0,1,0,0,113,8,0,728,85,0,1,16,25,8,40,1,1,1,14943,1,215,49,358,0,1,1,1,0,1,7,1,0,0,0,137,1,0,0,0,0,0,0,0,0,0
http://cargurus.co.uk,1,1,1,0,1,1,0,0,1,0,0,17,8,0,317,221,0,0,57,197,62,63,1,1,1,28839,1,256,26,297,1,1,1,0,1,1,14,1,0,1,14,568,0,0,0,0,0,0,0,0,0,0
http://nullschool.net,1,0,0,0,0,0,0,0,0,0,0,0,0,0,0,0,0,0,0,3,0,14,0,0,0,68,0,3,1,1,0,0,0,0,0,0,1,0,0,0,0,0,0,0,0,0,0,0,0,0,0,0
http://3dweb.co.uk,1,0,1,0,0,1,0,0,0,0,0,0,1,0,0,123,0,0,20,11,3,49,1,1,1,3679,1,123,5,64,0,0,0,0,0,0,9,1,0,0,0,54,0,0,0,0,0,0,0,0,0,0
http://shortcut.com,1,0,0,0,0,1,0,0,0,0,0,0,0,0,0,3,0,0,7,52,21,40,1,0,1,8640,0,119,212,570,0,1,0,0,0,0,12,1,0,0,0,4,0,0,0,0,0,0,0,1,0,0
http://culvers.com,1,0,1,0,0,1,0,0,0,0,1,0,6,0,0,48,0,0,9,18,15,67,1,1,1,2654,0,71,27,103,0,1,0,0,1,0,22,1,0,0,4,50,0,0,0,0,0,0,0,0,0,0
http://ancient.eu,1,1,0,0,1,1,0,1,1,0,0,9,0,0,0,42,0,8,18,18,27,26,1,1,1,6064,0,107,26,136,0,1,1,0,0,1,24,1,0,1,32,11,1,0,0,0,0,0,0,0,0,0
http://costa.co.uk,1,0,0,0,0,1,0,0,0,0,0,0,0,0,0,37,0,0,42,7,18,49,1,0,1,1756,0,47,15,67,0,1,0,0,1,0,16,1,0,1,4,0,0,0,0,0,0,0,0,0,0,0
http://payermax.com,1,1,1,0,0,1,0,1,0,0,0,6,1,0,0,185,0,0,6,19,12,48,1,1,1,6917,0,53,50,206,0,0,1,1,0,1,17,0,0,0,0,335,0,0,0,0,0,0,0,1,0,0
http://nycgo.com,1,1,1,0,0,1,0,0,0,0,0,3,5,0,0,0,0,0,21,41,22,64,1,1,1,5952,5,67,43,369,0,1,0,0,1,1,26,1,0,0,0,60,0,0,0,0,0,0,0,0,0,0
http://festivalconecta2.com,1,0,1,0,0,1,0,0,0,0,0,0,7,0,0,66,0,29,8,45,5,38,1,1,1,18258,0,18,19,80,17,1,0,0,0,0,23,1,0,1,2,9,5,0,0,0,0,0,0,0,0,0
http://simplepie.org,1,1,0,0,1,1,0,0,1,0,0,3,0,0,0,9,0,1,5,4,6,69,0,0,0,944,0,27,3,19,0,0,1,0,0,1,13,0,0,0,0,0,1,0,0,0,0,0,0,0,0,0
http://onvio.com.br,0,0,0,0,0,1,0,0,0,0,0,0,0,0,0,0,0,0,9,0,2,0,0,0,0,32,0,0,0,3,0,0,0,0,0,0,4,0,0,0,0,0,0,0,0,0,0,0,0,0,0,0
http://azazie.com,1,1,1,0,0,1,0,0,1,0,0,2,1,0,0,286,0,0,32,18,21,60,1,1,0,28502,0,338,18,254,0,0,1,0,1,1,13,0,0,0,0,19,0,0,0,0,0,0,0,0,0,0
http://postfinance.ch,1,1,1,0,0,1,0,0,0,0,0,3,14,0,0,298,0,0,21,14,24,28,1,1,1,24933,11,317,8,244,0,1,1,0,0,1,16,1,0,0,0,99,0,0,0,0,0,0,0,0,0,0
http://swiftinter.net,1,1,1,0,0,1,0,0,0,0,0,1,1,0,0,101,0,0,45,34,57,50,1,1,1,6233,0,139,44,775,6,1,1,0,0,0,6,1,0,1,0,147,0,0,0,0,0,0,0,0,0,0
http://teamtalk.com,1,0,1,0,0,1,0,0,0,0,0,0,7,0,0,98,0,0,15,46,17,63,1,1,1,39244,0,470,272,501,108,1,0,0,1,0,22,1,0,0,0,126,0,0,0,0,0,0,0,0,0,0
http://valottery.com,1,1,1,0,0,1,0,0,1,0,0,15,48,0,2,215,0,0,11,52,21,57,1,1,1,10782,14,264,65,534,0,1,1,0,1,0,6,1,0,0,0,106,0,0,0,0,0,0,0,0,0,0
http://voestalpine.com,1,1,1,0,0,1,0,0,1,0,0,2,1,0,19,98,0,0,40,3,18,43,0,1,1,9294,0,164,24,397,1,1,1,0,1,1,13,1,0,0,0,138,0,0,0,0,0,0,0,0,0,0
http://ktnv.com,1,1,1,0,0,1,0,0,0,0,0,2,3,0,12,118,0,0,14,70,28,97,0,0,1,14297,0,185,65,714,0,1,1,0,1,1,38,1,0,1,122,23,0,0,0,0,0,0,0,0,0,0
http://omnis.com,1,0,0,0,0,1,0,0,0,0,0,0,0,0,0,49,0,2,8,11,6,35,0,1,1,2537,0,74,29,78,0,0,0,0,0,0,9,0,0,0,0,21,1,0,0,0,0,0,0,0,0,0
http://safelite.com,1,1,1,0,0,1,0,0,0,0,0,1,2,0,0,57,0,0,7,8,22,47,1,0,1,2745,0,64,12,72,0,1,0,0,1,0,17,1,0,1,5,36,0,0,0,0,0,0,0,0,0,0
http://rivergame.net,1,0,0,0,0,1,0,0,0,0,0,0,0,0,0,0,0,0,1,0,1,8,0,0,0,47,0,1,0,0,0,0,0,0,0,0,12,0,0,0,0,1,0,0,0,0,0,0,0,0,0,0
http://istoedinheiro.com.br,1,0,0,0,0,1,0,0,0,0,0,0,0,0,0,70,4,3,29,2,44,14,1,0,0,4040,0,128,33,270,0,1,0,0,1,0,41,1,0,0,0,41,1,0,0,0,0,0,0,0,0,0
http://financemagnates.com,1,1,1,0,0,1,0,1,0,0,0,7,12,0,0,89,0,0,8,23,34,46,0,1,1,59918,9,407,117,774,0,1,1,0,0,1,18,1,0,0,0,651,0,0,0,0,0,0,0,0,0,0
http://fox5vegas.com,1,0,1,0,0,1,0,0,0,0,0,0,2,0,0,80,0,0,18,35,30,4,0,1,1,9433,1,223,37,703,37,1,0,0,1,0,32,1,0,0,0,177,0,0,0,0,0,0,0,0,0,0
http://readme.io,1,1,1,0,0,1,0,0,0,0,0,9,12,0,0,17,5,13,11,9,19,6,1,1,1,3807,2,24,38,706,0,1,0,0,1,0,22,1,0,0,0,148,1,0,0,0,0,0,0,0,0,0
http://raycast.com,1,1,1,0,1,1,0,0,0,0,0,2,23,0,0,0,0,0,24,43,40,37,1,0,1,6065,19,91,90,787,0,0,1,0,0,0,19,0,0,0,0,112,0,0,0,0,0,0,0,1,0,0
http://monticello.org,1,0,1,0,0,1,0,0,0,0,0,0,7,0,0,75,0,0,5,20,6,69,1,1,1,8871,0,138,13,231,12,1,0,0,1,0,17,1,0,1,14,212,0,0,0,0,0,0,0,0,0,0
http://tecmint.com,1,1,1,0,0,1,0,0,1,0,0,4,5,0,0,102,0,0,15,41,16,41,0,1,0,7164,0,167,16,139,0,1,1,0,0,0,24,1,0,0,0,42,0,0,0,0,0,0,0,1,0,0
http://archinect.com,1,1,1,0,1,1,0,0,0,0,0,12,6,0,0,23,0,0,9,56,40,44,0,1,0,6307,0,130,114,303,0,0,1,0,0,1,5,0,0,0,0,97,0,0,0,0,0,0,0,1,0,0
http://cmd-online.ru,1,1,1,0,0,1,0,0,1,0,0,4,15,0,0,63,0,0,11,1,51,78,1,1,0,10121,1,132,45,289,32,1,1,0,0,1,3,1,0,1,11,52,0,0,0,0,0,0,0,0,1,0
http://4tube.com,1,1,1,0,0,1,0,0,0,0,0,2,58,0,0,564,0,0,17,55,16,56,1,0,0,3511,2,190,52,217,0,0,1,0,1,1,14,0,0,0,0,3,0,0,0,0,0,0,0,0,0,0
http://mehilainen.fi,1,0,1,0,0,1,0,0,0,0,0,0,11,1,0,12,0,0,8,45,21,51,1,1,1,4369,11,119,36,322,0,1,0,0,1,0,38,1,0,1,20,104,0,0,0,0,0,0,0,0,0,0
http://fastpath.gr,1,1,1,0,1,1,0,1,1,0,1,9,5,0,0,36,0,0,19,46,26,44,0,1,1,11310,0,74,8,183,1,1,1,0,0,0,35,1,0,1,3,61,0,0,0,0,0,0,0,0,0,0
http://deleteddomainsnses.com,1,0,0,0,0,1,0,0,0,0,0,0,0,0,11,3,0,0,6,7,7,61,1,1,0,1314,0,11,6,42,0,1,0,0,0,0,9,0,0,0,0,0,0,0,0,0,0,0,0,0,0,0
http://sandbox.game,1,0,1,0,0,1,0,0,0,0,1,0,7,0,0,0,0,0,127,33,108,59,0,1,1,4905,4,102,135,301,0,0,0,0,1,0,18,0,0,0,18,74,0,0,0,0,0,0,0,0,0,0
http://w3c.org,1,0,1,0,0,1,0,0,0,0,0,0,1,0,0,70,0,0,4,23,4,3,1,1,1,9660,1,99,8,59,6,1,0,0,0,0,18,1,0,0,0,19,0,0,0,0,0,0,0,0,0,0
http://aecf.org,1,1,1,0,1,1,0,1,0,0,0,7,12,0,18,97,0,0,14,32,18,68,1,1,0,11736,1,135,14,104,0,1,1,0,1,1,20,1,0,0,0,29,0,0,0,0,0,0,0,0,0,0
http://sfatulmedicului.ro,1,0,0,0,0,1,0,0,0,0,0,0,0,0,0,75,0,0,8,20,24,66,0,1,1,8565,0,138,35,128,0,1,0,0,0,0,9,1,0,0,0,8,0,0,0,0,0,0,0,0,0,0
http://sqlservercentral.com,1,1,0,0,1,1,0,1,1,0,0,8,0,0,0,78,0,0,55,23,29,46,1,1,1,5083,0,121,14,84,0,1,1,0,0,1,21,1,0,0,0,28,0,0,0,0,0,0,0,0,0,0
http://buypass.com,1,1,1,0,1,1,0,1,1,0,0,16,6,0,0,106,0,0,8,51,13,58,1,1,1,10300,0,123,70,182,9,1,1,1,1,1,15,1,0,0,0,37,0,0,0,0,0,0,0,0,0,0
http://italotreno.it,1,1,1,0,0,1,1,0,1,0,0,11,9,0,0,220,0,0,22,22,22,54,0,0,1,16519,7,284,38,317,0,1,1,0,1,1,9,1,0,1,48,24,0,0,0,0,0,0,0,0,0,0
http://agr.gc.ca,1,0,0,0,0,1,0,0,0,0,0,0,0,0,0,0,0,0,6,2,6,118,1,1,0,287,0,4,3,10,0,0,0,0,0,0,16,0,0,0,0,2,0,0,0,0,0,0,0,0,0,0
http://senato.it,1,1,1,0,0,1,0,0,1,0,0,6,2,0,0,107,0,0,17,6,7,34,1,1,1,6265,0,167,44,215,0,0,1,0,0,1,2,1,0,0,0,90,0,0,0,0,0,0,0,0,0,0
http://aoms8xa9b.com,1,0,0,0,0,1,0,0,0,0,0,0,0,0,0,0,0,0,6,0,3,8,0,0,0,24,0,0,0,0,0,0,0,0,0,0,2,0,0,0,0,0,0,0,0,0,0,0,0,0,0,0
http://openpath.com,1,1,1,0,0,1,0,0,0,0,1,1,73,0,0,554,0,0,14,55,9,57,1,1,1,25409,0,452,15,380,0,1,1,0,1,0,25,1,0,0,1,711,0,0,0,0,0,0,0,0,0,0
http://myteamspeak.com,1,0,0,0,0,1,0,0,0,0,0,0,0,0,0,0,0,0,4,0,4,11,0,0,0,25,0,0,0,0,0,0,0,0,0,0,2,0,0,0,0,0,0,0,0,0,0,0,0,0,0,0
http://qwords.net,0,0,0,0,0,0,0,0,0,0,0,0,0,0,0,0,0,0,0,0,0,0,0,0,0,0,0,0,0,0,0,0,0,0,0,0,0,0,0,0,0,0,0,0,0,0,0,0,0,0,0,0
http://readymag.com,1,0,1,0,0,1,0,0,0,0,0,0,67,0,0,0,0,0,232,36,13,51,1,1,0,7285,0,238,0,2351,0,0,0,0,1,0,18,0,0,0,0,186,0,0,0,0,0,0,0,0,0,0
http://j-cast.com,1,1,0,0,1,1,0,0,1,0,0,4,0,0,0,66,0,0,8,4,32,12,1,1,1,4975,0,133,53,397,0,1,1,0,0,1,14,1,0,1,16,0,0,0,0,0,0,0,0,1,1,0
http://faithlife.com,1,1,1,0,0,1,0,0,1,0,0,1,2,0,0,37,0,0,14,4,21,21,0,0,0,1509,1,39,8,38,0,1,1,0,1,0,10,1,0,0,0,12,0,0,0,0,0,0,0,0,0,0
http://invgate.net,1,0,1,0,0,1,0,0,0,0,1,0,3,0,0,35,0,0,15,14,9,88,1,1,1,19737,0,124,46,234,0,0,0,0,1,0,6,1,0,0,16,86,0,0,0,0,0,0,0,0,0,0
http://mediotiempo.com,1,1,1,0,0,1,0,0,0,0,0,2,2,0,0,141,7,18,27,2,29,11,1,1,0,18986,0,510,456,1543,8,1,1,0,1,1,24,0,0,1,16,319,2,0,0,0,0,0,0,0,0,0
http://newzit.com,1,0,0,0,0,1,0,0,0,0,0,0,0,0,0,0,0,0,10,0,9,57,0,0,0,202,0,4,1,2,0,1,0,0,0,0,18,0,0,0,0,0,0,0,0,0,0,0,0,1,0,0
http://airvisual.com,1,1,1,0,0,1,0,1,0,0,0,3,13,0,0,7,0,0,48,4,24,28,1,1,1,4949,0,477,52,266,0,1,0,0,1,1,16,1,0,1,4,30,0,0,0,0,0,0,0,0,0,0
http://monster.at,1,0,1,0,0,1,0,0,0,0,0,0,3,0,0,24,0,0,50,1,20,50,1,1,0,1078,1,39,10,128,0,0,0,0,0,0,21,1,0,1,10,35,0,0,0,0,0,0,0,0,0,0
http://sourcewatch.org,1,1,0,0,1,1,0,0,1,0,0,6,0,0,0,90,8,17,7,26,7,11,1,1,1,7063,0,134,6,55,0,0,1,0,0,0,3,0,0,0,0,60,9,0,0,0,0,0,0,0,0,0
http://seacoastonline.com,1,1,1,0,0,1,0,1,0,0,0,1,4,0,0,0,0,0,49,0,10,67,0,0,0,3161,0,98,33,89,0,1,1,0,1,0,19,1,0,0,0,0,0,0,0,0,0,0,0,0,0,0
http://affiliatefuture.com,1,0,0,0,0,1,0,0,0,0,0,0,0,0,0,14,0,0,5,18,11,16,0,1,1,5726,0,39,11,65,0,0,0,0,0,0,3,0,0,0,0,8,0,0,0,0,0,0,0,0,0,0
http://jtv.com,1,1,1,0,1,1,0,1,1,0,0,45,14,0,0,1033,0,0,15,44,31,56,1,1,1,34567,0,1106,39,456,0,1,1,0,0,1,47,1,0,1,4,621,0,0,0,0,0,0,0,0,0,0
http://oxy.edu,1,1,1,0,0,1,0,0,0,0,0,1,3,0,0,151,0,0,14,22,13,60,0,1,1,12778,2,254,26,546,0,1,1,0,1,1,12,1,0,0,0,185,0,0,0,0,0,0,0,0,0,0
http://flibusta.site,1,1,0,0,1,1,1,0,1,0,0,13,0,0,0,99,0,6,6,30,6,27,1,1,0,10282,0,205,10,123,0,0,1,0,0,1,10,0,0,0,0,22,2,0,0,0,0,0,0,0,0,0
http://betcityru.com,1,0,0,0,0,1,0,0,0,0,0,0,0,0,0,0,0,0,25,0,4,53,0,0,0,150,0,0,0,16,0,0,0,0,0,0,17,0,0,0,0,0,0,0,0,0,0,0,0,0,0,0
http://cooperativa.cl,1,1,0,0,0,1,0,0,1,0,0,16,0,0,0,59,0,0,49,72,44,67,1,1,1,19553,0,588,134,1057,0,1,1,0,1,1,56,1,0,1,0,91,0,0,0,0,0,0,0,0,0,0
http://vblogetin.com,1,0,0,0,0,1,0,0,0,0,0,0,0,0,0,19,0,0,13,0,0,51,1,0,1,690,0,25,0,24,0,1,0,0,0,0,9,0,0,0,0,10,0,0,0,0,0,0,0,0,0,0
http://greenpeace.de,1,1,1,0,0,1,0,0,1,0,0,13,36,0,0,117,0,0,17,59,34,44,1,1,1,15831,34,127,57,314,8,1,1,0,1,1,17,1,0,1,192,121,0,0,0,0,0,0,0,0,0,0
http://zenomedia.com,1,0,0,0,0,1,0,0,0,0,0,0,0,0,0,11,0,0,17,88,5,41,1,1,1,5846,0,56,71,572,0,0,0,0,0,0,14,0,0,0,0,4,0,0,0,0,0,0,0,0,0,0
http://shopping.eu,1,1,1,0,0,1,0,0,1,0,0,4,1,0,0,4,0,0,5,2,8,37,1,1,0,851,0,51,2,158,0,0,1,0,0,1,5,1,0,0,0,1,0,0,0,0,0,0,0,0,0,0
http://indavideo.hu,1,1,1,0,0,1,0,0,1,0,0,12,1,0,0,51,0,0,11,0,33,38,1,1,0,4593,1,113,26,287,0,1,0,0,0,1,19,1,0,0,0,95,0,0,0,0,0,0,0,0,0,0
http://dasoertliche.de,1,1,0,0,1,1,0,0,1,0,0,7,0,0,0,57,0,0,20,5,29,60,0,1,1,2287,0,93,6,30,0,1,1,0,0,0,16,0,0,0,0,7,0,0,0,0,0,0,0,0,0,0
http://pcrm.org,1,1,1,0,0,1,0,0,0,0,0,2,26,0,0,195,0,0,12,21,13,45,1,1,0,12551,10,223,16,210,5,0,1,0,1,1,22,1,0,1,0,96,0,0,0,0,0,0,0,0,0,0
http://uanl.mx,1,1,1,0,0,1,0,0,0,0,0,2,5,0,0,144,0,0,34,34,96,41,1,1,1,8769,3,233,36,299,0,1,1,0,0,1,27,1,0,0,0,75,0,0,0,0,0,0,0,0,0,0
http://vgchartz.com,1,1,1,0,1,1,1,0,1,0,0,30,2,0,15,84,11,41,41,158,53,64,0,1,0,10941,0,302,152,708,0,0,1,0,0,1,26,0,1,0,0,35,6,0,0,0,0,0,0,0,0,0
http://astroempires.com,1,0,0,0,0,1,0,0,0,0,0,0,0,0,0,11,0,1,6,3,10,43,1,1,1,891,0,47,30,99,0,0,0,0,0,0,11,0,0,0,0,14,1,0,0,0,0,0,0,0,0,0
http://cohesity.com,1,1,1,0,0,1,0,0,0,0,0,3,3,0,0,184,0,0,41,95,25,50,1,1,1,13532,0,251,172,505,0,1,1,0,1,0,25,1,0,0,0,74,0,0,0,0,0,0,0,0,0,0
http://minnstate.edu,1,0,1,0,0,1,0,0,0,0,0,0,29,0,0,5,0,0,10,8,23,70,1,1,0,3563,29,43,10,61,0,1,0,0,1,0,10,1,0,0,0,47,0,0,0,0,0,0,0,0,0,0
http://atomicwallet.io,1,1,1,0,0,1,0,0,1,0,0,12,16,0,0,190,0,0,19,100,8,68,1,1,1,11250,2,218,97,334,0,1,1,0,1,1,9,0,0,1,2,112,0,0,0,0,0,0,0,0,0,0
http://phillipsservices.net,1,1,0,0,0,1,0,0,1,0,0,7,0,0,0,7,0,6,7,6,14,24,1,0,1,1675,0,17,3,40,0,0,1,0,0,1,10,0,0,0,0,19,2,0,0,0,0,0,0,0,0,0
http://tpprf.ru,1,1,1,0,1,1,1,0,1,0,0,51,52,0,0,276,0,0,8,5,80,48,0,1,1,58378,8,500,85,910,0,1,1,1,0,1,6,1,1,0,0,24,0,0,0,0,0,0,0,0,0,0
http://obspm.fr,1,1,0,0,1,1,0,0,1,0,0,4,0,0,0,195,0,0,29,27,38,80,1,1,1,5750,0,196,25,77,0,0,1,0,0,0,32,0,0,0,0,35,0,0,0,0,0,0,0,0,0,0
http://ukg.com,1,0,1,0,0,1,0,0,0,0,0,0,11,0,0,70,0,0,24,39,14,43,1,1,1,13424,11,188,58,728,0,1,0,0,1,0,28,1,0,1,278,76,0,0,0,0,0,0,0,0,0,0
http://telam.com.ar,1,0,0,0,0,1,0,0,0,0,0,0,0,0,0,0,0,0,1,2,1,24,0,0,0,166,0,0,1,2,0,0,0,0,0,0,3,0,0,0,0,1,0,0,0,0,0,0,0,0,0,0
http://knak.io,1,1,1,0,0,1,0,0,0,0,0,1,8,0,0,85,0,0,24,85,7,59,1,1,1,6164,0,100,94,250,0,1,0,0,0,0,15,1,0,0,0,29,0,0,0,0,0,0,0,0,0,0
http://exetel.com.au,1,0,0,0,0,1,0,0,0,0,0,0,0,0,0,17,0,0,32,2,8,66,0,0,0,630,0,19,0,26,0,1,0,0,0,0,12,1,0,0,0,1,0,0,0,0,0,0,0,0,0,0
http://farrow-ball.com,1,1,1,0,0,1,0,0,1,0,0,2,6,0,0,268,0,0,7,45,83,63,1,1,1,8950,2,244,105,455,40,1,1,0,1,1,11,1,0,0,0,213,0,0,0,0,0,0,0,0,1,0
http://omroep.nl,1,1,1,0,0,1,0,0,0,0,0,1,55,0,0,146,0,0,11,15,14,60,1,1,1,10000,53,185,72,267,9,1,1,0,0,0,29,1,0,0,0,118,0,0,0,0,0,0,0,0,0,0
http://manhwahentai.me,1,1,1,0,1,1,1,1,1,0,0,20,5,0,0,97,0,0,127,40,48,118,0,0,1,7477,4,222,1,104,0,1,1,0,1,1,28,1,0,0,0,10,0,0,0,0,0,0,0,0,0,0
http://therealworld.ag,1,0,0,0,0,1,0,0,0,0,0,0,0,0,0,0,0,0,4,0,2,17,0,0,0,40,0,0,0,2,0,0,0,0,0,0,6,0,0,0,0,0,0,0,0,0,0,0,0,0,0,0
http://volksstimme.de,1,1,1,0,0,1,0,0,0,0,0,2,1,0,0,266,0,0,18,3,15,11,0,1,1,24171,0,423,78,169,4,1,0,0,1,1,18,1,0,1,0,56,0,0,0,0,0,0,0,0,0,0
http://sexlog.com,1,0,0,0,0,1,0,0,0,0,0,0,0,0,0,0,0,0,48,0,3,52,0,0,0,241,0,0,0,1,0,0,0,0,0,0,81,0,0,0,0,0,0,0,0,0,0,0,0,0,0,0
http://kobe-np.co.jp,1,1,0,0,0,1,0,0,1,0,0,5,0,0,0,499,0,0,19,209,74,8,1,1,1,12726,0,681,201,452,0,1,1,0,1,1,15,1,0,0,0,201,0,0,0,0,0,0,0,0,1,0
http://edhrec.com,1,1,1,0,0,1,0,0,0,0,0,4,10,0,0,20,0,0,6,0,13,6,0,0,0,3351,9,139,16,166,0,0,0,0,0,1,17,1,0,0,0,85,0,0,0,0,0,0,0,0,0,0
http://freehost.com.ua,1,1,0,0,1,1,0,0,0,0,0,18,0,0,0,292,0,0,25,109,26,75,1,1,1,18977,0,163,16,338,0,1,1,0,1,1,7,1,0,0,0,130,0,0,0,0,0,0,0,1,0,0
http://paypay.ne.jp,1,0,1,0,0,1,0,0,0,0,0,0,11,0,0,102,0,0,18,93,10,39,1,1,1,3844,11,124,72,138,0,1,0,0,1,0,18,1,0,0,0,25,0,0,0,0,0,0,0,0,0,0
http://samaritanspurse.org,1,1,1,0,0,1,0,0,0,0,0,6,8,0,12,101,0,0,26,26,25,71,0,1,1,8712,7,155,34,220,1,0,1,0,1,1,21,1,0,0,0,144,0,0,0,0,0,0,0,0,0,0
http://csublogs.com,1,0,0,0,0,1,0,0,0,0,0,0,0,0,0,19,0,0,13,0,0,51,1,0,1,685,0,25,0,24,0,1,0,0,0,0,9,0,0,0,0,10,0,0,0,0,0,0,0,0,0,0
http://corejjgames.com,1,0,0,0,0,1,0,0,0,0,0,0,0,0,0,0,0,0,4,0,6,11,0,1,1,158,0,2,0,9,0,0,0,0,0,0,2,0,0,0,0,3,0,0,0,0,0,0,0,0,0,0
http://glowing.com,1,0,1,0,0,1,0,0,0,0,0,0,11,0,0,52,0,0,20,68,17,74,0,1,1,7157,1,115,33,280,19,1,0,0,1,0,21,1,0,0,0,111,0,0,0,0,0,0,0,0,0,0
http://tonhub.com,1,0,0,0,0,1,0,0,0,0,0,0,0,0,0,0,0,0,22,8,14,6,1,1,1,1003,0,20,1,56,0,0,0,0,0,0,14,1,0,0,0,4,0,0,0,0,0,0,0,0,0,0
http://fortebet.ug,1,0,0,0,0,1,0,0,0,0,0,0,0,0,0,0,0,0,15,0,7,33,0,0,0,133,0,0,1,3,0,0,0,0,0,0,23,0,0,0,0,0,0,0,0,0,0,0,0,0,0,0
http://utande.co.zw,1,1,1,1,0,1,0,0,0,0,0,4,5,1,0,42,0,0,73,2,67,70,0,1,0,4156,0,68,2,277,0,0,0,0,0,0,19,1,0,0,0,60,0,0,0,0,0,0,0,0,0,0
http://deliveroo.fr,1,1,1,0,0,1,0,0,0,0,0,1,6,0,0,24,0,0,53,20,45,43,1,1,1,1704,6,33,70,139,0,1,0,0,0,1,26,1,0,0,0,38,0,0,0,0,0,0,0,0,0,0
http://customs.ru,1,1,1,0,1,1,0,1,1,0,0,35,8,0,115,45,0,0,28,10,44,29,1,1,1,10962,5,179,64,404,0,1,1,0,0,1,7,0,0,0,0,47,0,0,0,0,0,0,0,0,0,0
http://pornstars.tube,1,1,1,0,0,1,0,0,0,0,0,1,2,0,0,286,0,0,21,0,20,67,1,1,1,11899,0,366,39,211,0,0,1,0,1,1,11,0,0,0,0,38,0,0,0,0,0,0,0,0,0,0
http://nasm.org,1,1,1,0,1,1,0,1,1,0,0,11,9,0,0,118,0,0,13,46,49,18,1,1,1,10438,6,75,59,191,0,1,1,0,1,1,11,1,0,0,0,29,0,0,0,0,0,0,0,0,0,0
http://banyanops.com,1,1,1,0,0,1,0,1,0,0,0,14,11,0,0,31,0,0,9,15,13,13,1,1,1,7492,7,41,22,225,0,1,1,0,1,1,6,0,0,0,0,29,0,0,0,0,0,0,0,0,0,0
http://illow.io,1,1,0,0,0,1,0,0,0,0,0,1,0,0,0,188,0,0,53,15,37,69,1,1,1,12828,0,183,66,716,31,0,0,0,1,0,27,1,0,0,0,301,0,0,0,0,0,0,0,0,0,0
http://travelbook.de,1,1,1,0,0,1,0,0,0,0,0,1,8,0,0,43,0,0,42,2,32,53,1,1,1,8287,3,147,48,153,42,1,1,0,0,1,22,1,0,0,0,87,0,0,0,0,0,0,0,0,0,0
http://obit.ru,1,1,1,0,0,1,0,0,0,0,0,1,1,0,0,0,0,0,7,10,26,45,0,0,1,2017,0,40,7,48,0,1,1,0,1,0,11,1,0,0,0,17,0,0,0,0,0,0,0,0,0,0
http://onlyhardporn.mobi,1,1,0,0,0,1,0,0,0,0,0,1,0,0,0,142,0,0,6,2,8,68,1,0,1,8963,0,143,123,137,0,0,1,0,0,1,14,0,0,0,0,0,0,0,0,0,0,0,0,0,0,0
http://devcycle.com,1,0,1,0,0,1,0,0,0,0,0,0,9,0,0,22,0,0,11,68,41,34,1,1,1,6933,4,55,55,205,0,1,0,0,0,0,22,1,0,0,0,39,0,0,0,0,0,0,0,0,0,0
http://updrv.com,1,1,0,0,0,1,0,0,1,0,0,1,0,0,0,34,0,0,2,17,7,47,0,0,0,996,0,45,9,73,0,0,0,0,0,0,3,0,0,0,0,7,0,0,0,0,0,0,0,0,0,0
http://oxiapps.com,1,0,0,0,0,1,0,0,0,0,0,0,0,0,0,6,0,0,2,4,0,56,1,1,0,1179,0,2,4,38,0,1,0,0,0,0,2,0,0,0,0,1,0,0,0,0,0,0,0,0,0,0
http://compose.ai,1,0,1,0,0,1,0,0,0,0,0,0,10,0,0,11,0,0,5,9,21,34,1,1,1,1871,0,8,9,57,0,0,0,0,1,0,3,0,0,0,0,4,0,0,0,0,0,0,0,0,0,0
http://keurig.ca,1,1,1,0,0,1,0,0,0,0,0,4,1,0,0,53,0,0,12,4,43,54,1,0,1,3249,0,83,33,256,0,0,1,0,0,1,16,1,0,0,0,41,0,0,0,0,0,0,0,0,0,0
http://baur.de,1,0,0,0,0,1,0,0,0,0,0,0,0,0,0,0,0,0,1,0,19,33,0,0,0,154,0,1,0,12,0,0,0,0,0,0,2,0,0,0,0,0,0,0,0,0,0,0,0,0,0,0
http://subscribers.com,1,1,0,0,0,1,0,0,0,0,0,1,0,0,0,26,0,0,45,108,21,38,1,1,1,8175,0,49,29,404,13,1,0,0,1,0,22,1,0,0,0,37,0,0,0,0,0,0,0,0,0,0
http://palm.com,1,1,1,0,0,1,0,0,0,0,0,2,19,0,0,58,0,0,10,69,104,44,1,1,1,15498,15,94,72,969,0,1,1,0,1,0,24,1,0,0,0,145,0,0,0,0,0,0,0,0,0,0
http://upgrad.com,1,1,1,0,0,1,0,1,1,0,0,62,39,0,0,282,0,0,34,124,70,104,1,1,1,53568,16,266,494,1686,0,1,0,0,1,1,15,1,0,0,0,141,0,0,0,0,0,0,0,0,0,0
http://printnode.com,1,0,0,0,0,1,0,0,0,0,0,0,0,0,0,34,0,0,10,22,6,40,1,1,1,8007,0,39,13,113,0,0,0,0,0,0,9,0,0,0,0,10,0,0,0,0,0,0,0,0,0,0
http://przelewy24.pl,1,1,1,0,0,1,0,0,0,0,0,4,3,0,0,89,0,0,3,81,7,80,0,1,1,7965,1,133,86,276,0,0,0,0,1,1,14,1,0,0,0,29,0,0,0,0,0,0,0,0,0,0
http://truity.com,1,1,1,0,0,1,0,0,1,0,1,9,3,0,0,93,0,0,23,27,30,54,1,1,0,6336,2,84,38,173,0,1,1,0,1,1,17,1,0,0,1,74,0,0,0,0,0,0,0,0,0,0
http://eeyeful.com,1,0,0,0,0,0,0,0,0,0,0,0,0,0,0,0,0,0,0,0,0,7,0,0,0,69,0,0,1,0,0,1,0,0,0,0,3,0,0,0,0,0,0,0,0,0,0,0,0,0,0,0
http://mel.fm,1,1,1,0,0,1,0,1,0,0,0,5,4,0,0,53,0,0,9,7,26,45,0,0,1,10067,0,179,105,780,0,0,0,0,1,0,21,1,1,0,0,25,0,0,0,0,0,0,0,0,0,0
http://picjumbo.com,1,1,1,0,1,1,0,1,0,0,0,4,3,0,0,121,0,0,56,40,19,37,1,1,1,25479,0,694,386,514,0,0,1,0,0,1,1368,0,0,1,0,57,0,0,0,0,0,0,0,0,0,0
http://ijinshan.com,1,0,0,0,0,1,0,0,0,0,0,0,0,0,0,23,0,0,4,8,10,37,0,0,1,2933,0,84,32,148,0,0,0,0,0,0,9,0,0,0,0,73,0,0,0,0,0,0,0,0,0,0
http://familytreedna.com,1,0,0,0,0,1,0,0,0,0,1,0,0,0,0,25,0,0,28,38,49,52,1,1,1,8528,0,17,19,242,0,0,0,0,0,0,16,0,0,0,2,58,0,0,0,0,0,0,0,0,0,0
http://pensoft.net,1,0,0,0,0,1,0,0,0,0,0,0,0,0,0,56,0,0,10,1,20,18,1,0,0,1550,0,72,0,62,0,1,0,0,0,0,7,0,0,0,0,8,0,0,0,0,0,0,0,0,0,0
http://rgs.ru,1,0,1,0,0,1,0,0,0,0,0,0,13,0,0,60,0,0,17,32,16,63,0,1,1,5449,0,75,21,240,0,1,0,0,1,0,16,1,0,1,124,25,0,0,0,0,0,0,0,0,0,0
http://lovepanky.com,1,1,1,0,0,1,0,1,0,0,0,3,1,0,0,169,0,0,13,25,21,55,1,1,1,7550,0,256,90,169,0,1,1,0,0,1,13,1,0,0,0,3,0,0,0,0,0,0,0,0,0,0
http://umgc.edu,1,1,1,0,0,1,0,1,1,0,0,22,53,0,25,162,0,0,11,45,20,43,1,1,1,18130,0,231,28,569,0,1,1,0,1,1,23,1,0,1,6,171,0,0,0,0,0,0,0,0,0,0
http://periodistadigital.com,1,0,1,0,0,1,0,0,0,0,0,0,2,0,0,336,0,0,24,20,47,18,0,1,1,21348,0,869,203,1302,178,1,0,0,0,0,528,1,0,0,0,246,0,0,0,0,0,0,0,0,0,0
http://arvento.com,1,1,1,0,1,1,1,0,0,0,0,12,2,0,12,44,0,0,19,6,30,38,0,1,1,4079,0,68,17,84,0,0,1,0,1,1,8,0,0,0,0,50,0,0,0,0,0,0,0,0,0,0
http://peakon.com,1,1,1,0,0,1,0,0,1,0,0,1,43,0,0,242,0,0,4,55,18,57,1,1,1,17747,15,224,9,376,0,1,0,0,0,0,25,1,0,0,0,129,0,0,0,0,0,0,0,0,0,0
http://psg.com,1,0,0,0,0,0,0,0,0,0,0,0,0,0,0,48,0,0,0,11,0,20,1,0,0,1575,0,62,6,0,0,0,0,0,0,0,0,0,0,0,0,0,0,0,0,0,0,0,0,0,0,0
http://chtah.com,1,0,0,0,0,0,0,0,0,0,0,0,0,0,0,0,0,0,0,0,0,24,1,0,0,56,0,0,0,0,0,0,0,0,0,0,0,0,0,0,0,0,0,0,0,0,0,0,0,0,0,0
http://xxxbf.tv,1,1,1,0,0,1,0,0,0,0,0,2,5,0,0,75,0,0,11,6,38,60,1,0,0,7115,2,117,34,126,0,1,1,0,0,1,25,1,0,1,0,71,0,0,0,0,0,0,0,0,0,0
http://locize.app,1,0,0,0,0,1,0,0,0,0,0,0,0,0,0,0,0,0,5,0,3,6,0,0,0,52,0,0,0,1,0,0,0,0,0,0,5,0,0,0,0,0,0,0,0,0,0,0,0,0,0,0
http://wevideo.com,1,0,1,0,0,1,0,0,0,0,0,0,15,0,0,78,0,0,9,30,15,44,1,1,1,12932,5,89,38,222,0,1,0,0,1,0,17,1,0,0,0,17,0,0,0,0,0,0,0,0,0,0
http://7days.ru,1,1,0,0,1,1,0,0,0,0,0,4,0,0,0,15,0,0,33,0,42,48,1,1,1,10821,0,304,81,416,0,0,1,0,0,0,10,1,0,1,98,10,0,0,0,0,0,0,0,0,0,0
http://metronieuws.nl,1,1,1,0,0,1,0,0,0,0,0,1,10,0,0,110,0,0,22,41,24,46,1,1,1,9140,2,135,44,235,4,1,1,0,1,0,21,1,0,1,105,143,0,0,0,0,0,0,0,0,0,0
http://gong.io,1,0,0,0,0,1,0,0,0,0,0,0,0,0,0,128,0,0,106,71,36,40,1,1,0,9868,0,154,127,395,0,0,0,0,1,0,25,1,0,0,0,73,0,0,0,0,0,0,0,0,0,0
http://wlu.edu,1,1,1,0,0,1,0,0,0,0,1,1,1,0,0,58,0,0,6,101,10,4,1,1,1,11109,0,111,32,265,0,1,1,0,1,1,13,0,0,0,1,63,0,0,0,0,0,0,0,0,0,0
http://tryhackme.com,1,1,1,0,0,1,1,1,0,0,0,4,8,0,0,31,0,0,10,11,33,35,0,1,1,3345,3,52,16,148,0,1,1,0,1,1,11,1,0,0,0,27,0,0,0,0,0,0,0,0,0,0
http://yo-star.com,1,0,0,0,0,0,0,0,0,0,0,0,0,0,0,0,0,0,0,0,1,6,0,0,0,19,0,0,0,0,0,0,0,0,0,0,3,0,0,0,0,0,0,0,0,0,0,0,0,0,1,0
http://gdemoi.ru,1,0,0,0,0,1,0,0,0,0,1,0,0,0,0,180,0,0,35,15,39,45,1,1,1,7297,0,210,18,199,0,1,0,0,1,0,16,0,0,1,7,29,0,0,0,0,0,0,0,0,0,0
http://trustx.org,1,0,0,1,0,1,0,0,0,0,0,0,0,1,0,21,0,0,43,8,32,6,0,1,1,3367,0,29,16,226,0,0,0,0,0,0,17,1,0,0,0,31,0,0,0,0,0,0,0,0,0,0
http://notability.com,1,1,0,0,0,1,0,0,0,0,0,1,0,0,0,0,0,0,10,30,12,10,0,0,0,3534,0,28,28,141,0,0,0,0,0,0,6,0,0,0,0,18,0,0,0,0,0,0,0,0,0,0
http://unav.edu,1,1,1,0,0,1,0,0,1,0,0,9,12,0,0,189,0,0,9,80,46,31,1,1,1,12456,8,240,17,683,1,1,1,1,0,1,17,1,0,1,1,325,0,0,0,0,0,0,0,0,0,0
http://joblo.com,1,1,1,0,1,1,0,0,0,0,0,2,2,0,0,41,0,0,18,32,24,45,1,1,1,11121,0,226,78,182,55,1,1,0,0,0,23,0,0,0,0,3,0,0,0,0,0,0,0,0,0,0
http://pcmatichome.com,1,0,1,0,0,1,0,0,0,0,0,0,1,0,0,0,0,0,3,1,7,8,1,0,0,395,1,4,1,20,0,0,0,0,1,0,6,1,0,0,0,3,0,0,0,0,0,0,0,0,0,0
http://enr.com,1,1,1,0,0,1,0,0,0,0,0,1,2,0,0,186,0,0,23,5,19,29,1,1,0,8199,0,281,29,153,24,0,1,0,1,0,13,1,0,0,0,55,0,0,0,0,0,0,0,0,0,0
http://sieg.com,1,1,1,1,0,1,0,1,1,0,0,12,2,1,38,22,0,0,38,13,38,43,1,1,1,5708,0,49,5,464,0,0,1,1,1,1,16,1,0,0,0,54,0,0,0,0,0,0,0,0,0,0
http://wave.video,1,1,1,0,0,1,0,0,1,0,0,4,7,0,0,143,0,0,27,8,15,73,1,1,1,4699,0,167,35,195,0,1,1,0,0,1,14,1,0,0,0,11,0,0,0,0,0,0,0,0,0,0
http://manipal.edu,1,1,1,0,1,1,0,0,1,0,0,15,5,0,0,1423,0,0,3,23,6,98,0,1,1,61608,4,1476,65,807,0,1,1,0,1,1,12,1,0,1,175,12,0,0,0,0,0,0,0,0,0,0
http://arista.com,1,1,1,0,0,1,0,0,0,0,0,1,1,0,0,351,0,0,8,16,24,37,1,1,1,10774,1,409,70,245,0,1,1,0,0,0,28,1,0,0,0,345,0,0,0,0,0,0,0,0,0,0
http://dwellir.com,1,0,1,0,0,1,0,0,0,0,0,0,3,0,0,4,0,0,7,36,19,42,1,0,0,1802,1,26,24,59,0,0,0,0,0,0,9,0,0,0,0,20,0,0,0,0,0,0,0,0,0,0
http://bngpt.com,1,0,0,0,0,0,0,0,0,0,0,0,0,0,0,0,0,0,0,3,0,17,1,0,0,298,0,2,0,0,0,0,0,0,0,0,0,0,0,0,0,0,0,0,0,0,0,0,0,1,0,0
http://netzero.net,1,0,0,0,0,1,0,0,0,0,0,0,0,0,0,8,0,0,3,2,15,63,0,0,0,893,0,11,8,34,0,0,0,0,0,0,9,1,0,0,0,4,0,0,0,0,0,0,0,0,0,0
http://nuclearfallout.net,1,1,0,0,1,1,1,0,1,0,0,5,0,0,0,35,0,8,4,1,5,47,1,0,0,3771,0,39,10,13,0,0,1,0,0,0,4,0,0,0,0,1,6,0,0,0,0,0,0,0,0,0
http://olimp.bet,1,0,0,0,0,1,0,0,0,0,0,0,0,0,0,0,0,0,9,0,15,49,0,0,0,49,0,0,1,158,0,0,0,0,1,0,2,0,0,0,0,0,0,0,0,0,0,0,0,0,0,0
http://brokerkf.ru,1,1,1,0,0,1,0,0,0,0,0,5,14,0,0,60,0,0,2,32,20,10,0,0,0,18570,14,144,41,590,0,1,1,0,0,0,6,0,0,0,0,233,0,0,0,0,0,0,0,0,0,0
http://ruhrnachrichten.de,1,1,1,0,0,1,0,0,0,0,0,6,31,0,0,129,0,0,22,8,51,58,0,1,1,12625,6,312,94,350,71,1,1,1,0,0,20,1,0,1,128,360,0,0,0,0,0,0,0,0,0,0
http://peoplefinders.com,1,1,1,0,0,1,0,0,0,0,0,1,3,0,0,74,0,0,34,52,18,59,1,1,1,9230,2,144,6,155,0,1,0,0,1,0,22,1,0,1,4,61,0,0,0,0,0,0,0,0,0,0
http://uth.edu,1,1,1,0,1,1,0,0,0,0,1,3,3,0,0,132,0,0,11,40,18,16,1,1,1,9925,1,183,52,195,0,1,1,0,1,1,11,0,0,0,1,30,0,0,0,0,0,0,0,0,0,0
http://lovdata.no,1,1,1,0,1,1,0,0,0,0,0,2,5,0,0,59,0,0,12,17,17,18,1,1,1,3512,0,77,6,80,0,1,1,0,0,1,11,1,0,0,0,14,0,0,0,0,0,0,0,0,0,0
http://exler.ru,1,1,1,0,0,1,0,0,0,0,0,3,3,0,0,11,0,0,12,2,44,31,0,0,0,11380,0,169,24,432,0,0,1,0,0,1,6,0,0,0,0,22,0,0,0,0,0,0,0,0,0,0
http://bloomberg.co.jp,1,0,1,0,0,1,0,0,0,0,0,0,2,0,0,10,0,0,32,0,73,15,1,1,1,5720,0,127,49,188,0,1,0,0,1,0,21,1,0,0,0,45,0,0,0,0,0,0,0,0,0,0
http://gptzero.me,1,1,1,0,0,1,0,1,0,0,0,66,24,0,0,20,0,0,8,48,14,60,1,1,1,18112,0,65,101,509,3,1,1,1,1,0,18,0,0,0,0,16,0,0,0,0,0,0,0,0,0,0
http://esteelauder.com,1,1,1,0,0,1,0,0,0,0,1,4,756,0,582,1415,0,0,120,42,33,50,0,1,1,31433,0,1123,127,4430,0,1,1,0,0,0,10,1,0,0,2,211,0,0,0,0,0,0,0,0,0,0
http://soti.net,1,1,1,0,1,1,0,1,1,0,1,17,5,0,266,93,0,0,18,75,26,36,0,1,1,13945,5,194,55,431,0,1,1,0,1,1,18,1,0,0,1,110,0,0,0,0,0,0,0,0,0,0
http://level27.eu,1,1,1,0,1,1,0,0,1,0,1,8,1,0,0,98,0,0,21,37,12,35,1,1,1,9287,0,141,53,362,0,1,1,0,1,1,44,1,0,0,2,29,0,0,0,0,0,0,0,0,0,0
http://deutschlandradio.de,1,1,1,0,0,1,0,0,1,0,0,3,7,0,0,105,0,0,25,15,192,27,0,1,1,7160,4,125,29,172,0,1,1,0,0,1,19,1,0,0,0,17,0,0,0,0,0,0,0,0,0,0
http://workupload.com,1,1,1,0,0,1,0,0,1,0,0,11,3,0,0,3,0,0,8,2,9,40,1,0,0,917,2,17,2,38,0,0,1,1,0,1,13,1,0,0,0,14,1,0,0,0,0,0,0,0,0,0
http://progresslearning.com,1,1,1,0,0,1,0,0,0,0,0,1,4,0,55,119,0,0,23,17,38,52,1,1,1,6076,2,130,18,104,10,1,1,0,1,1,22,1,0,0,0,10,0,0,0,0,0,0,0,0,0,0
http://nutritionfacts.org,1,1,1,0,0,1,0,0,0,0,0,2,2,0,0,64,0,0,27,12,65,56,1,1,1,4105,1,149,24,94,0,1,1,0,0,1,25,1,0,0,0,20,0,0,0,0,0,0,0,0,0,0
http://puter.com,1,0,0,0,0,1,0,0,0,0,0,0,0,0,0,0,0,0,16,0,4,5,0,0,0,58,0,0,0,1,0,0,0,0,0,0,17,0,0,0,0,0,0,0,0,0,0,0,0,0,0,0
http://intellectualreserveinc.org,1,1,1,0,0,1,0,0,0,0,0,1,4,0,0,0,0,0,25,7,10,58,1,1,0,5317,4,24,11,118,0,0,0,0,0,1,5,0,0,1,11,1,0,0,0,0,0,0,0,0,0,0
http://joinsmarty.com,1,0,0,0,0,1,0,0,0,0,0,0,0,0,0,0,0,0,23,0,13,66,0,0,0,123,0,0,0,2,0,0,0,0,0,0,18,0,0,0,0,0,0,0,0,0,0,0,0,0,0,0
http://aak.kz,1,0,0,0,0,1,0,0,0,0,0,0,0,0,0,0,0,0,2,0,3,22,0,0,0,159,0,2,1,11,0,0,0,0,0,0,3,0,0,0,0,1,0,0,0,0,0,0,0,0,0,0
http://mahindra.com,1,1,1,0,0,1,0,0,0,0,0,16,1,0,0,104,0,0,37,22,36,54,0,1,1,8352,0,132,69,356,0,1,1,0,1,1,14,1,0,1,28,13,0,0,0,0,0,0,0,0,0,0
http://iclinic.com.br,1,0,1,0,0,1,0,0,0,0,0,0,16,0,0,0,0,0,13,14,16,53,1,1,1,2985,0,58,0,120,0,1,0,0,1,0,9,1,0,1,20,12,0,0,0,0,0,0,0,0,0,0
http://lanit.ru,1,1,1,0,0,1,0,0,1,0,0,16,5,0,6,62,0,0,25,1,27,48,0,0,1,3107,1,102,1,86,0,1,1,1,0,1,11,0,0,0,0,58,0,0,0,0,0,0,0,0,0,0
http://tgd.kr,1,1,1,0,0,1,0,0,0,0,0,1,4,0,0,0,0,0,18,3,13,3,0,0,1,3819,2,48,21,144,0,1,1,0,1,1,14,0,0,0,0,44,0,0,0,0,0,0,0,0,0,0
http://allaboutdnt.com,1,1,1,0,0,1,0,0,1,0,0,2,1,0,0,47,0,0,28,7,12,64,1,0,0,2750,0,57,2,16,0,1,1,0,1,1,31,1,0,0,0,3,0,0,0,0,0,0,0,1,0,0
http://gardena.com,1,1,1,0,1,1,0,1,1,0,0,21,19,0,0,51,0,0,10,18,34,50,1,1,1,4921,12,76,31,231,0,1,1,0,0,0,23,0,0,0,0,47,0,0,0,0,0,0,0,0,0,0
http://gardeners.com,1,1,1,0,0,1,0,1,1,0,0,3,4,0,0,343,0,0,20,6,31,68,0,1,1,47153,0,383,16,136,0,1,1,0,1,0,9,1,0,0,0,16,0,0,0,0,0,0,0,0,0,0
http://typingagent.com,1,0,1,0,0,1,0,0,0,0,1,0,1,0,0,75,0,0,22,46,11,47,1,1,1,6838,1,122,52,188,0,0,0,0,1,0,21,1,0,0,3,54,0,0,0,0,0,0,0,1,0,0
http://owu.edu,1,1,1,0,0,1,0,0,0,0,0,2,36,0,38,28,0,0,18,16,5,24,0,1,1,128392,4,1640,324,2701,293,1,1,0,1,1,13,1,0,1,666,71,0,0,0,0,0,0,0,0,0,0
http://dathost.net,1,1,0,0,0,1,0,0,0,0,0,1,0,0,0,4,0,0,40,14,23,37,1,1,0,3912,0,53,32,427,0,0,0,0,0,0,13,1,0,0,0,1,0,0,0,0,0,0,0,0,0,0
http://envoy.com,1,1,0,0,1,1,0,0,0,0,0,4,0,0,0,0,0,0,7,23,26,46,1,1,1,7323,0,155,54,660,0,1,1,0,0,0,11,1,0,0,0,0,0,0,0,0,0,0,0,0,0,0
http://cricketaddictor.com,1,1,1,0,0,1,0,0,0,0,0,1,15,0,0,113,0,0,11,28,19,92,1,1,1,12377,14,226,109,402,0,1,0,0,0,0,8,1,0,0,0,168,0,0,0,0,0,0,0,0,0,0
http://hivelocity.net,1,0,1,0,0,1,0,0,0,0,0,0,1,0,0,102,0,0,40,47,36,59,1,1,1,8344,0,192,73,747,4,1,0,0,1,0,31,0,0,0,0,151,0,0,0,0,0,0,0,0,0,0
http://eurosport.es,1,0,1,0,0,1,0,0,0,0,0,0,10,0,0,248,0,0,27,13,23,69,0,1,1,7250,9,277,21,809,25,1,0,0,0,0,23,0,0,1,126,78,0,0,0,0,0,0,0,0,0,0
http://cqnews.net,1,1,0,0,0,1,0,0,0,1,1,1,0,0,0,287,0,0,2,101,24,13,1,0,0,11006,0,779,173,285,0,0,0,0,0,1,4,0,0,0,1,1291,0,0,0,0,0,0,0,0,0,0
http://apple.cn,1,1,1,0,0,1,0,0,1,0,1,5,14,0,0,64,0,0,146,10,15,19,1,1,1,1979,1,98,1,110,11,1,1,0,0,0,17,1,0,0,0,88,0,0,0,0,0,0,0,0,0,0
http://mercadopago.cl,1,1,1,0,0,1,0,0,0,0,0,3,6,0,0,49,0,0,18,25,5,59,1,1,1,2234,2,59,2,33,0,1,0,0,0,0,20,1,0,0,0,19,0,0,0,0,0,0,0,0,0,0
http://trackedlink.net,1,1,1,0,0,1,0,1,1,0,0,10,12,0,28,248,0,0,6,16,5,82,1,1,1,12049,8,294,81,292,0,1,1,0,1,1,22,1,0,1,127,257,0,0,0,0,0,0,0,0,0,0
http://technologynetworks.com,1,1,1,0,0,1,0,0,1,0,0,5,22,0,0,83,0,0,9,2,25,53,1,1,0,13414,0,140,25,451,0,1,1,0,1,1,12,1,0,1,36,3,0,0,0,0,0,0,0,0,0,0
http://parrot.com,1,0,1,0,0,1,0,0,0,0,0,0,8,0,0,25,0,0,35,19,30,47,0,1,0,768,0,35,10,45,0,1,0,0,0,0,11,1,0,1,3,0,0,0,0,0,0,0,0,1,0,0
http://wdsu.com,1,1,1,0,0,1,0,0,0,0,0,2,24,0,0,82,0,0,44,1,18,70,1,1,0,7553,1,146,21,268,0,1,1,0,1,1,29,1,0,0,0,127,0,0,0,0,0,0,0,0,0,0
http://um.ac.id,1,1,1,0,0,1,0,0,0,0,0,1,2,0,0,89,0,0,32,34,27,30,0,1,1,5093,0,149,41,99,23,1,1,0,1,1,14,1,0,1,0,14,0,0,0,0,0,0,0,0,0,0
http://insurancebusinessmag.com,1,1,1,0,0,1,0,1,0,0,0,3,6,0,0,62,0,0,30,23,35,65,0,0,1,5699,0,133,33,155,0,1,1,0,1,1,4,1,0,0,0,26,0,0,0,0,0,0,0,0,0,0
http://ambitiouskitchen.com,1,1,1,0,0,1,0,1,1,0,0,42,9,0,0,68,0,0,43,4,58,59,0,1,1,7405,0,248,87,383,0,1,1,0,0,1,30,1,0,1,2,33,0,0,0,0,0,0,0,0,0,0
http://reserver.ru,1,0,0,0,0,1,0,0,0,0,0,0,0,0,0,19,0,10,1,0,9,38,0,1,0,2660,0,28,9,1,0,0,0,0,0,0,8,0,0,0,0,0,8,0,0,0,0,0,0,0,0,0
http://poczta-polska.pl,0,1,1,0,0,1,0,0,1,0,0,3,5,0,0,125,0,0,8,1,12,0,0,0,0,3239,2,132,20,44,0,1,1,0,1,1,4,1,0,0,0,22,0,0,0,0,0,0,0,0,1,0
http://asqq.io,1,0,0,0,0,0,0,0,0,0,0,0,0,0,0,0,0,0,0,1,0,18,0,0,0,82,0,0,0,0,0,0,0,0,0,0,0,0,0,0,0,0,0,0,0,0,0,0,0,0,0,0
http://ctengine.io,1,0,0,0,0,1,0,0,0,0,0,0,0,0,0,0,0,0,5,3,4,34,1,0,0,357,0,1,0,8,0,0,0,0,0,0,4,0,0,0,0,0,0,0,0,0,0,0,0,0,0,0
http://admagazine.fr,1,0,1,0,0,1,0,0,0,0,0,0,7,0,0,43,0,0,7,5,42,63,1,1,1,8175,6,113,34,451,0,1,0,0,1,0,33,1,0,1,62,83,0,0,0,0,0,0,0,0,0,0
http://couchdrop.io,1,0,0,0,0,1,0,0,0,0,0,0,0,0,0,0,0,0,10,32,27,60,1,1,1,5290,0,99,28,93,0,1,0,0,1,0,20,0,0,0,0,0,0,0,0,0,0,0,0,0,0,0
http://museum.ru,1,1,0,0,0,1,0,0,0,0,0,2,0,0,7,10,0,40,2,1,22,72,1,1,1,7934,0,171,38,38,0,0,1,0,0,1,4,0,0,0,0,19,19,0,0,0,0,0,0,0,0,0
http://readingrockets.org,1,1,1,0,1,1,0,1,1,0,0,9,3,0,0,76,0,0,14,63,11,22,0,1,1,11663,0,142,42,579,0,1,1,0,1,1,16,1,0,1,305,85,0,0,0,0,0,0,0,0,0,0
http://stpd.cloud,1,0,0,0,0,1,0,0,0,0,0,0,0,0,0,0,0,0,4,0,2,13,0,0,0,279,0,1,0,4,0,0,0,0,0,0,4,0,0,0,0,0,0,0,0,0,0,0,0,0,0,0
http://belfastlive.co.uk,1,1,1,0,0,1,0,0,0,0,0,2,7,0,0,126,0,0,33,0,37,57,0,0,1,22676,1,614,110,619,110,1,0,0,1,1,38,1,0,0,0,240,0,0,0,0,0,0,0,0,0,0
http://cssn.cn,1,1,0,0,0,1,0,0,0,0,0,6,0,0,0,293,0,0,8,179,15,28,1,1,1,12085,0,702,280,677,0,0,0,0,0,1,10,0,0,0,0,99,0,0,0,0,0,0,0,0,0,0
http://salenames.ru,1,1,1,0,0,1,0,0,0,0,0,2,1,0,0,49,0,66,9,15,7,191,1,1,1,7464,0,311,30,154,0,1,1,0,0,1,8,1,0,0,0,75,6,0,0,0,0,0,0,0,0,0
http://synchronybank.com,1,1,1,0,0,1,0,0,1,0,1,6,6,0,0,45,0,0,15,15,23,63,1,1,1,7003,2,75,39,171,0,1,1,0,0,1,9,1,0,0,3,52,0,0,0,0,0,0,0,0,0,0
http://getzowie.com,1,0,0,0,0,1,0,0,0,0,1,0,0,0,0,4,0,0,5,0,10,40,1,1,1,4972,0,79,116,409,0,1,0,0,0,0,13,1,0,0,18,2,0,0,0,0,0,0,0,0,0,0
http://270towin.com,1,1,1,0,1,1,0,0,1,0,0,15,7,0,14,9,0,16,21,15,37,66,1,1,1,5693,4,104,8,236,0,0,1,1,0,1,20,1,0,0,0,113,3,0,0,0,0,0,0,0,0,0
http://cvnt.net,1,1,1,0,1,1,0,0,0,0,0,2,13,0,0,75,0,0,22,38,29,38,1,1,1,11756,0,124,67,399,18,0,1,0,1,0,31,1,0,0,0,68,0,0,0,0,0,0,0,0,0,0
http://porndotcom.org,1,1,0,0,0,1,0,0,0,0,0,1,0,0,0,94,0,0,6,2,8,60,1,1,0,6139,0,95,75,161,0,0,1,0,0,1,14,0,0,0,0,0,0,0,0,0,0,0,0,0,0,0
http://sescsp.org.br,1,0,1,0,0,1,0,0,0,0,0,0,2,0,0,29,0,0,30,16,74,38,0,1,1,2816,1,58,12,208,0,1,1,0,0,0,25,1,0,0,0,21,0,0,0,0,0,0,0,0,0,0
http://canadavisa.com,1,1,1,0,0,1,0,1,1,0,0,9,3,0,0,129,0,0,24,23,14,55,1,1,1,9782,0,361,4,158,0,1,1,0,1,1,26,1,0,0,0,8,0,0,0,0,0,0,0,0,0,0
http://scala-lang.org,1,1,1,0,0,1,0,0,0,0,0,5,4,0,0,50,0,0,17,53,15,30,0,1,1,15712,0,104,21,205,0,1,0,0,0,1,11,1,0,0,0,245,0,0,0,0,0,0,0,0,1,0
http://bloodyelbow.com,1,1,1,0,0,1,0,0,0,0,0,2,2,0,0,27,0,0,11,8,14,39,0,1,1,5832,0,133,36,262,0,1,1,0,0,1,27,0,0,0,0,9,0,0,0,0,0,0,0,0,0,0
http://aramex.com,1,1,1,0,0,1,1,0,1,0,0,30,32,0,472,95,0,0,12,17,26,9,1,1,1,22745,29,178,102,632,0,1,1,0,0,1,9,1,0,0,0,92,0,0,0,0,0,0,0,1,0,0
http://cute-cursors.com,1,0,0,0,0,1,0,0,0,0,0,0,0,0,0,0,0,0,2,0,7,12,0,0,0,32,0,0,0,1,0,0,0,0,0,0,2,0,0,0,0,0,0,0,0,0,0,0,0,0,1,0
http://oann.com,1,1,1,0,0,1,0,0,0,0,0,5,9,0,0,85,0,0,34,32,54,50,1,1,1,9727,3,163,27,183,24,1,1,0,1,0,20,1,0,0,0,70,0,0,0,0,0,0,0,0,0,0
http://changiairport.com,1,1,1,0,0,1,0,0,1,0,0,10,6,0,8,83,0,0,11,28,30,36,0,1,1,6637,3,118,29,298,14,1,1,0,1,1,17,0,0,0,0,22,0,0,0,0,0,0,0,1,0,0
http://adekstra.com,1,1,1,0,1,1,0,0,0,0,0,3,1,0,0,17,0,0,8,5,6,19,1,1,0,3000,0,11,9,42,0,1,1,1,1,1,6,1,0,0,0,1,0,0,0,0,0,0,0,0,0,0
http://sdc.com,1,1,1,0,1,1,0,0,0,0,0,3,20,0,0,49,0,0,8,8,11,57,1,0,0,40125,1,166,54,165,0,1,1,0,0,1,15,0,0,1,29,58,0,0,0,0,0,0,0,0,0,0
http://sirena-travel.ru,0,0,0,0,0,0,0,0,0,0,0,0,0,0,0,0,0,0,0,0,3,0,0,0,0,15,0,0,0,4,0,0,0,0,0,0,2,0,0,0,0,0,0,0,0,0,0,0,0,0,1,0
http://resemom.jp,1,0,0,0,0,1,0,0,0,0,0,0,0,0,0,179,0,0,12,48,36,24,1,1,1,11153,0,313,67,61,0,1,0,0,1,0,15,1,0,0,0,39,0,0,0,0,0,0,0,0,0,0
http://aciprensa.com,1,1,1,0,0,1,0,0,0,1,0,3,3,0,0,168,0,0,18,26,22,13,0,1,1,12618,0,262,31,218,0,1,1,0,1,1,18,0,0,0,3,105,0,0,0,0,0,0,0,0,0,0
http://portotheme.com,1,1,1,0,1,1,0,1,1,0,0,9,1,0,0,16,0,0,55,29,51,41,1,1,1,9325,0,161,94,440,0,1,1,1,1,0,24,0,0,0,0,138,0,0,0,0,0,0,0,0,0,0
http://citidirect.com,1,0,1,0,0,1,0,0,0,0,0,0,5,0,0,13,0,0,26,13,14,18,1,1,1,2752,2,12,5,148,0,0,0,0,0,0,6,0,0,0,0,13,0,0,0,0,0,0,0,1,0,0
http://islandnet.com,1,1,0,0,0,1,1,0,1,0,0,6,0,0,0,81,0,0,12,7,11,59,1,1,1,3403,0,92,11,49,0,0,1,0,0,1,14,0,0,0,0,1,0,0,0,0,0,0,0,1,0,0
http://pocketfm.com,1,0,1,0,0,1,0,0,0,0,0,0,3,0,0,2,0,0,21,0,20,33,0,0,1,75,1,0,0,13,0,0,0,0,0,0,15,0,0,0,0,3,0,0,0,0,0,0,0,0,0,0
http://goho.co,1,0,0,0,0,1,0,0,0,0,0,0,0,0,0,0,0,0,1,3,2,11,0,0,0,177,0,2,1,6,0,0,0,0,0,0,1,0,0,0,0,1,0,0,0,0,0,0,0,0,0,0
http://autism.org.uk,1,1,1,0,1,1,0,0,1,0,0,21,9,0,0,157,0,0,31,23,19,25,1,1,1,23152,5,188,37,278,0,1,1,0,1,1,22,1,0,0,0,66,0,0,0,0,0,0,0,0,0,0
http://ytel.com,1,0,1,0,0,1,0,0,0,0,0,0,1,0,0,15,0,0,4,23,24,46,0,1,1,5341,1,34,14,200,0,1,0,0,1,0,12,1,0,0,0,51,0,0,0,0,0,0,0,0,0,0
http://want-s0me-push.com,1,0,0,0,0,0,0,0,0,0,0,0,0,0,0,0,0,0,0,0,0,18,1,0,1,71,0,0,0,0,0,0,0,0,0,0,0,0,0,0,0,0,0,0,0,0,0,0,0,0,1,0
http://milanofinanza.it,1,1,1,0,0,1,0,0,0,0,0,3,19,0,0,123,12,17,17,19,24,72,1,1,1,17624,15,312,85,660,0,1,1,0,1,1,34,1,0,0,0,273,3,0,0,0,0,0,0,0,0,0
http://unisg.ch,1,1,1,0,0,1,0,0,1,1,1,27,12,0,501,213,0,0,14,18,20,34,1,1,1,45075,1,256,235,1450,0,1,1,0,1,1,26,0,0,1,24,281,0,0,0,0,0,0,0,0,0,0
http://cdnxsalty9.com,1,0,0,0,0,0,0,0,0,0,0,0,0,0,0,0,0,5,0,0,0,29,0,0,0,203,0,5,10,4,0,0,0,0,0,0,4,0,0,0,0,0,1,0,0,0,0,0,0,0,0,0
http://tapinto.net,1,0,0,0,0,1,0,0,0,0,0,0,0,0,0,0,0,0,6,0,16,7,0,0,0,53,0,0,1,5,0,0,0,0,1,0,3,0,0,0,0,0,0,0,0,0,0,0,0,0,0,0
http://modernfarmer.com,1,1,1,0,0,1,0,0,0,0,0,3,2,0,0,109,0,0,27,23,25,24,1,0,0,12088,1,284,2,231,0,1,1,0,1,1,21,1,0,0,0,14,0,0,0,0,0,0,0,0,0,0
http://mygreatlearning.com,1,1,1,0,0,1,1,1,1,0,0,40,11,0,24,314,0,0,18,534,27,67,1,1,1,33034,4,355,359,983,0,1,1,0,1,1,27,1,0,0,0,283,0,0,0,0,0,0,0,0,0,0
http://messe-stuttgart.de,1,0,0,0,0,1,0,0,0,0,0,0,0,0,0,125,0,0,21,132,16,15,0,1,1,35372,0,399,126,475,4,1,1,0,1,0,17,0,0,0,0,251,0,0,0,0,0,0,0,0,1,0
http://connectedlyric.com,1,0,0,0,0,0,0,0,0,0,0,0,0,0,0,0,0,0,0,1,0,33,1,0,0,374,0,6,1,2,0,0,0,0,0,0,0,0,0,0,0,0,0,0,0,0,0,0,0,0,0,0
http://homebase.co.uk,1,1,1,1,0,1,0,0,0,0,0,2,30,3,0,1145,0,0,19,1,74,31,0,1,1,19570,1,1195,62,761,0,1,1,0,0,1,18,1,0,1,340,23,0,0,0,0,0,0,0,0,0,0
http://pingomatic.com,0,0,0,0,0,0,0,0,0,0,0,0,0,0,0,0,0,0,0,0,0,0,0,0,0,36,0,0,0,0,0,0,0,0,0,0,0,0,0,0,0,0,0,0,0,0,0,0,0,0,0,0
http://contrastsecurity.com,1,1,0,0,0,1,0,0,1,0,0,4,0,0,0,184,0,0,16,59,28,58,1,1,1,15484,0,278,100,1049,0,1,1,0,1,1,14,0,0,0,0,112,0,0,0,0,0,0,0,0,0,0
http://suitsupply.com,1,1,1,0,0,1,0,0,0,0,0,1,5,0,0,11,0,0,85,13,298,60,0,0,1,1761,0,84,9,110,0,1,1,0,0,1,13,0,0,1,20,28,0,0,0,0,0,0,0,0,0,0
http://atwiki.jp,1,1,1,0,0,1,0,0,0,0,0,1,4,0,0,142,0,0,7,100,5,47,1,1,1,6741,0,147,24,173,0,1,1,0,1,1,17,1,0,0,0,63,0,0,0,0,0,0,0,0,0,0
http://coremail.cn,1,0,0,0,0,1,0,0,0,0,1,0,0,0,0,0,0,0,5,8,18,38,0,0,0,4241,0,92,97,561,0,1,0,0,1,0,10,1,0,0,0,51,0,0,0,0,0,0,0,0,0,0
http://seti.org,1,1,0,0,1,1,0,0,1,0,1,4,0,0,0,22,0,0,9,34,8,14,0,1,1,5269,0,58,27,167,0,1,1,0,1,1,10,0,0,0,1,18,0,0,0,0,0,0,0,0,0,0
http://mybuzzblog.com,1,0,0,0,0,1,0,0,0,0,0,0,0,0,0,19,0,0,13,0,0,51,1,0,1,695,0,25,0,24,0,1,0,0,0,0,9,0,0,0,0,10,0,0,0,0,0,0,0,0,0,0
http://tele.net,1,0,1,0,0,1,0,0,0,0,0,0,4,0,0,61,0,0,35,38,53,49,1,1,1,6401,0,113,17,276,0,1,0,0,1,0,31,1,0,0,0,104,0,0,0,0,0,0,0,0,0,0
http://themessenger.com,1,0,0,0,0,1,0,0,0,0,0,0,0,0,0,0,0,0,3,0,1,57,0,0,0,113,0,0,1,2,0,0,0,0,1,0,12,0,0,0,0,0,0,0,0,0,0,0,0,0,0,0
http://mybloglicious.com,1,0,0,0,0,1,0,0,0,0,1,0,0,0,0,0,0,0,13,0,0,18,1,0,0,207,0,8,1,23,0,1,0,0,0,0,4,0,0,0,0,1,0,0,0,0,0,0,0,0,0,0
http://pxltgr.com,0,0,0,0,0,0,0,0,0,0,0,0,0,0,0,0,0,0,0,0,0,0,0,0,0,0,0,0,0,0,0,0,0,0,0,0,0,0,0,0,0,0,0,0,0,0,0,0,0,0,0,0
http://4in.co.kr,1,0,0,0,0,1,0,0,0,0,0,0,0,0,0,18,0,0,3,11,0,4,1,1,0,956,0,17,3,9,0,0,0,0,0,0,6,0,0,0,0,14,0,0,0,0,0,0,0,0,0,0
http://salonline.com.br,1,1,1,0,0,1,0,0,0,0,0,1,7,0,0,0,0,0,55,10,13,62,1,1,0,290,3,42,48,126,0,1,0,0,1,1,6,0,0,0,0,1,0,0,0,0,0,0,0,0,0,0
http://surveysparrow.com,1,0,1,0,0,1,0,0,0,0,0,0,46,0,0,8,0,0,27,67,43,53,1,1,1,3694,40,86,108,253,0,1,0,0,1,0,26,1,0,0,0,9,0,0,0,0,0,0,0,0,0,0
http://musicradio.com,1,1,1,0,1,1,0,0,1,0,0,23,1,0,0,39,0,0,18,29,49,59,1,1,1,5588,0,85,38,178,0,1,1,1,1,1,22,1,0,0,0,53,0,0,0,0,0,0,0,0,0,0
http://fontshare.com,1,0,0,0,0,1,0,0,0,0,0,0,0,0,0,0,0,0,4,0,5,31,0,0,0,73,0,0,0,2,0,0,0,0,0,0,15,0,0,0,0,0,0,0,0,0,0,0,0,0,0,0
http://theaet.com,1,1,0,0,0,1,0,0,1,0,0,14,0,0,0,13,0,98,6,0,20,46,0,0,0,3600,0,40,30,18,0,0,1,0,0,0,2,0,0,0,0,28,25,0,0,0,0,0,0,1,0,0
http://rycamelot.com,0,0,0,0,0,0,0,0,0,0,0,0,0,0,0,0,0,0,0,0,0,0,0,0,0,0,0,0,0,0,0,0,0,0,0,0,0,0,0,0,0,0,0,0,0,0,0,0,0,1,0,0
http://flocksafety.com,1,0,0,0,0,1,0,0,0,0,0,0,0,0,0,0,0,0,7,68,10,41,1,1,1,10308,0,136,57,955,0,1,0,0,1,0,11,1,0,0,0,0,0,0,0,0,0,0,0,0,0,0
http://ebu.io,1,0,0,0,0,1,0,0,0,0,0,0,0,0,0,4,0,0,26,3,27,25,1,0,1,1232,0,7,2,20,0,0,0,0,0,0,7,0,0,0,0,2,0,0,0,0,0,0,0,0,0,0
http://fct.co,1,1,1,0,0,1,0,0,0,0,0,1,1,0,0,17,0,0,15,16,8,38,1,0,0,7456,0,139,16,310,1,1,1,0,0,1,17,1,0,0,0,93,0,0,0,0,0,0,0,1,0,0
http://structure.app,1,1,0,0,1,1,0,0,1,0,0,6,0,0,0,194,0,0,7,7,10,53,1,1,1,6769,0,192,46,162,0,0,1,0,1,1,11,0,0,0,0,23,0,0,0,0,0,0,0,0,0,0
http://investorschronicle.co.uk,1,1,1,0,0,1,0,0,0,0,0,14,4,0,0,126,0,0,6,8,11,20,1,1,1,6897,1,188,34,261,0,1,1,0,1,0,14,1,0,0,0,193,0,0,0,0,0,0,0,0,0,0
http://fsist.com.br,1,1,0,0,0,0,0,0,1,0,0,14,0,0,0,12,0,31,0,0,15,34,1,0,0,8042,0,26,4,63,0,0,0,0,1,1,3,0,0,0,0,9,18,0,0,0,0,0,0,1,0,0
http://san.ru,1,1,0,0,1,1,1,0,1,0,0,8,0,0,0,0,0,2,3,2,10,52,1,0,0,327,0,0,1,5,0,0,1,0,0,1,3,0,0,0,0,0,1,0,0,0,0,0,0,0,0,0
http://itnews.com.au,1,1,1,0,0,1,1,0,0,0,0,9,2,0,0,17,0,0,12,0,11,32,0,1,1,10096,0,196,57,277,0,1,1,0,1,1,20,1,0,0,0,56,0,0,0,0,0,0,0,0,0,0
http://sketch.cloud,1,0,0,0,0,1,0,0,0,0,0,0,0,0,0,0,0,0,9,0,4,6,0,0,0,6,0,0,0,2,0,0,0,0,0,0,8,0,0,0,0,0,0,0,0,0,0,0,0,0,0,0
http://vmco.ru,1,0,0,0,0,1,0,0,0,0,0,0,0,0,0,9,0,13,3,6,3,57,1,0,1,1463,0,43,8,16,0,0,0,0,0,0,4,0,0,0,0,0,3,0,0,0,0,0,0,0,0,0
http://strawpoll.com,1,0,1,0,0,1,0,0,0,0,0,0,4,0,0,15,0,0,12,17,7,35,1,1,1,4120,2,60,5,122,0,1,0,0,0,0,17,1,0,0,0,43,0,0,0,0,0,0,0,0,0,0
http://e-junkie.com,1,0,1,0,0,1,0,0,0,0,0,0,1,0,0,57,0,0,14,10,14,25,1,1,1,3124,0,69,13,95,0,1,0,0,1,0,22,0,0,0,0,7,0,0,0,0,0,0,0,0,1,0
http://popmechanic.ru,1,1,1,0,0,1,0,0,0,0,0,1,1,0,0,37,0,0,141,26,12,85,1,1,1,6340,0,61,29,232,0,1,0,0,1,1,22,1,0,1,1,5,0,0,0,0,0,0,0,0,0,0
http://boomlearning.com,1,1,1,0,0,1,0,0,1,0,1,11,1,0,0,65,0,0,22,20,30,49,1,1,1,6292,0,55,26,640,0,0,1,0,1,1,30,1,0,0,1,256,0,0,0,0,0,0,0,0,0,0
http://mybb.com,1,1,1,0,0,1,0,0,1,0,0,4,1,0,0,17,0,0,3,17,4,78,1,1,1,2311,0,41,5,33,0,1,1,0,0,1,4,1,0,0,0,48,0,0,0,0,0,0,0,0,0,0
http://freundin.de,1,0,0,0,0,1,0,0,0,0,0,0,0,0,0,82,0,0,12,8,25,18,1,1,1,1545,0,121,13,120,0,0,0,0,0,0,32,1,0,0,0,26,0,0,0,0,0,0,0,0,0,0
http://ovative.com,1,1,0,0,1,1,0,0,1,0,1,18,0,0,0,34,0,0,18,611,44,47,1,1,1,38401,0,350,15384,1075,0,1,1,1,1,1,18,1,0,0,2,6,0,0,0,0,0,0,0,0,0,0
http://giants-software.com,1,1,1,0,0,1,0,0,0,0,0,1,1,0,0,25,0,0,3,11,4,22,1,1,0,4884,1,30,2,35,0,1,0,0,0,0,12,1,0,0,0,2,0,0,0,0,0,0,0,0,1,0
http://wallpaperscraft.com,1,1,1,0,0,1,0,0,0,0,0,1,2,0,76,108,0,0,2,0,12,47,1,0,0,6398,1,179,29,62,0,1,1,0,0,1,13,0,0,0,0,154,0,0,0,0,0,0,0,1,0,0
http://sov.stream,1,1,1,0,0,1,1,1,1,0,0,15,3,0,0,14,0,0,5,60,4,188,0,0,0,8520,0,29,18,212,0,1,1,1,0,1,6,0,0,0,0,16,0,0,0,0,0,0,0,0,0,0
http://travelport.com,1,1,1,0,0,1,0,0,0,0,1,2,2,0,0,55,0,0,19,15,47,48,1,0,1,5410,0,88,39,278,10,1,1,0,1,0,20,1,0,0,1,91,0,0,0,0,0,0,0,1,0,0
http://pratt.edu,1,1,1,0,0,1,0,0,0,0,1,1,13,0,0,228,0,0,15,28,24,15,1,1,1,11599,0,251,6,115,7,1,1,0,1,0,13,1,0,0,1,51,0,0,0,0,0,0,0,0,0,0
http://aft.org,1,1,1,0,0,1,0,1,0,0,0,3,8,0,0,128,0,0,6,22,8,64,0,1,1,10950,0,184,24,287,0,1,1,0,1,1,8,1,0,1,51,32,0,0,0,0,0,0,0,0,0,0
http://nuso.io,1,1,1,0,0,1,0,0,0,0,0,3,3,0,0,323,0,0,22,59,37,51,1,1,1,25395,0,309,61,1582,0,0,1,0,0,0,28,0,0,0,0,293,0,0,0,0,0,0,0,0,0,0
http://netto-online.de,1,1,1,0,0,1,0,0,0,0,0,1,11,0,0,474,0,0,28,28,20,58,1,1,1,32308,0,658,121,576,0,1,1,0,1,1,8,1,0,1,80,679,0,0,0,0,0,0,0,0,1,0
http://bmuv.de,1,1,1,0,0,1,0,0,1,0,1,3,54,0,0,93,0,0,24,13,6,90,1,1,1,13860,41,106,19,324,6,1,1,0,0,0,52,1,0,1,23,176,0,0,0,0,0,0,0,0,0,0
http://inmyroom.ru,1,1,0,0,0,1,0,0,0,0,0,20,0,0,0,54,0,0,35,3,7,208,1,0,1,3526,0,152,17,521,0,1,0,0,0,0,23,1,0,0,0,37,0,0,0,0,0,0,0,0,0,0
http://fldoe.org,1,1,1,0,0,1,0,1,0,0,0,3,12,0,0,109,0,0,2,62,6,36,1,1,0,5197,8,158,6,187,0,1,1,0,1,1,15,1,0,0,0,64,0,0,0,0,0,0,0,0,0,0
http://genworth.com,1,0,0,0,0,1,0,0,0,0,0,0,0,0,0,0,0,0,3,0,28,59,0,0,0,59,0,0,0,0,0,0,0,0,0,0,11,0,0,0,0,0,0,0,0,0,0,0,0,0,0,0
http://stcn.com,1,1,1,0,0,1,0,0,0,0,0,2,2,0,0,227,0,0,5,0,13,21,0,0,0,9118,0,377,146,465,0,0,1,0,0,1,8,0,0,0,0,80,0,0,0,0,0,0,0,0,0,0
http://123rescue.com,1,1,1,0,0,1,0,0,0,0,0,2,1,0,0,0,0,0,6,6,16,74,1,0,0,733,0,5,0,13,0,0,1,0,0,1,7,0,0,0,0,5,0,0,0,0,0,0,0,0,0,0
http://cellular.de,1,0,1,0,0,1,0,0,0,0,0,0,1,0,0,24,0,0,9,0,14,4,1,1,1,1245,0,41,22,97,0,1,0,0,0,0,18,1,0,0,0,38,0,0,0,0,0,0,0,0,0,0
http://kaleido.ai,1,0,1,0,0,1,0,0,0,0,0,0,8,0,0,20,0,0,5,20,4,34,1,1,1,4879,8,38,10,94,0,0,0,0,0,0,11,0,0,0,0,49,0,0,0,0,0,0,0,0,0,0
http://evennode.com,1,0,1,0,0,1,0,0,0,0,0,0,1,0,0,11,0,0,7,8,5,41,1,1,1,3127,1,24,6,57,0,0,0,0,0,0,6,1,0,0,0,10,0,0,0,0,0,0,0,0,0,0
http://sim-networks.com,1,1,1,0,0,1,0,1,1,0,0,21,18,0,0,154,0,0,13,83,19,75,1,1,1,19581,3,179,81,499,0,1,1,1,1,1,12,1,0,0,0,74,0,0,0,0,0,0,0,0,1,0
http://edc.org,1,1,1,0,0,1,0,1,1,0,0,41,4,0,0,71,0,4,6,15,58,5,1,1,0,6077,2,108,12,212,0,1,1,0,0,1,14,1,0,0,0,42,4,0,0,0,0,0,0,0,0,0
http://dlink.ru,1,1,1,0,0,1,0,0,0,0,0,1,4,0,0,146,0,0,5,0,12,21,0,0,1,4901,2,163,16,43,0,1,1,0,0,1,3,1,0,1,22,4,0,0,0,0,0,0,0,0,0,0
http://supersim.com.br,1,1,1,0,0,1,0,1,0,0,0,10,1,0,0,65,0,0,7,90,10,58,1,1,1,16681,0,123,64,150,0,1,1,0,1,1,22,0,0,0,0,24,0,0,0,0,0,0,0,0,0,0
http://archaeology.org,1,1,0,0,1,1,0,0,1,0,0,29,0,0,0,61,0,5,11,4,31,34,0,1,1,2242,0,98,43,118,0,0,1,0,0,1,5,1,0,0,0,3,2,0,0,0,0,0,0,0,0,0
http://scruffapp.com,1,1,1,0,0,1,0,0,0,0,0,1,2,0,0,49,0,0,7,0,6,67,1,1,1,9717,2,90,22,197,0,1,1,0,0,1,12,1,0,0,0,6,0,0,0,0,0,0,0,0,0,0
http://edgepilot.com,0,1,1,0,0,1,1,0,0,0,0,3,2,0,0,0,0,0,3,0,3,0,0,1,1,1195,1,3,2,36,0,0,1,0,0,1,4,0,0,0,0,2,0,0,0,0,0,0,0,1,0,0
http://dongqiudi.com,1,0,0,0,0,1,0,0,0,0,0,0,0,0,0,18,0,0,6,579,8,43,0,0,0,11620,0,169,548,1157,0,0,0,0,0,0,5,0,0,0,0,1872,0,0,0,0,0,0,0,0,0,0
http://nordot.app,1,0,1,0,0,1,0,0,0,0,0,0,3,0,0,31,0,0,11,16,10,18,1,1,0,987,3,30,13,48,0,1,0,0,1,0,16,1,0,0,0,5,0,0,0,0,0,0,0,0,0,0
http://somo.kg,1,0,1,0,0,1,0,0,0,0,1,0,1,0,114,0,0,0,13,1,9,78,0,1,0,3956,0,19,1,124,0,1,0,0,0,0,15,0,0,0,1,6,0,0,0,0,0,0,0,0,0,0
http://the-independent.com,1,0,1,0,0,1,0,0,0,0,0,0,5,0,0,144,0,0,13,3,22,63,1,1,1,10219,0,480,107,639,0,1,0,0,1,0,25,1,0,0,0,98,0,0,0,0,0,0,0,1,1,0
http://oneall.com,1,0,1,0,0,1,0,0,0,0,0,0,1,0,0,33,0,0,10,11,7,75,1,1,1,7259,1,63,9,103,0,1,0,0,0,0,9,1,0,0,0,66,0,0,0,0,0,0,0,0,0,0
http://yesfile.com,1,1,1,0,0,1,1,0,1,0,0,5,26,0,0,76,0,0,26,15,26,4,1,1,1,1964,0,94,30,106,0,0,1,0,1,1,33,0,0,0,0,42,0,0,0,0,0,0,0,0,0,0
http://readsololeveling.org,1,1,0,0,0,1,0,0,0,0,0,1,0,0,0,14,0,0,8,1,11,38,1,0,1,3431,0,82,0,191,0,0,0,0,0,0,15,1,0,0,0,2,0,0,0,0,0,0,0,0,0,0
http://akuvox.com,1,1,0,0,0,1,0,0,1,0,0,7,0,0,193,73,0,0,7,66,11,37,0,1,1,9124,0,206,169,249,0,0,1,0,1,1,5,0,0,0,0,1,0,0,0,0,0,0,0,1,0,0
http://is-blog.com,1,0,0,0,0,1,0,0,0,0,0,0,0,0,0,19,0,0,13,0,0,51,1,0,1,680,0,25,0,24,0,1,0,0,0,0,9,0,0,0,0,10,0,0,0,0,0,0,0,0,1,0
http://klascement.net,1,1,1,0,1,1,1,1,1,0,0,21,22,0,0,30,0,0,19,13,22,30,1,1,0,9428,7,109,17,200,0,1,1,0,0,1,20,1,0,1,22,23,0,0,0,0,0,0,0,0,0,0
http://stimme.de,1,0,1,0,0,1,0,0,0,0,0,0,3,0,0,106,0,0,21,74,66,72,1,1,1,18345,0,289,88,502,59,1,0,0,1,0,16,1,0,1,116,146,0,0,0,0,0,0,0,0,0,0
http://kinepolis.be,1,0,0,0,0,1,0,0,0,0,0,0,0,0,0,14,0,0,9,2,13,9,1,1,0,2036,0,17,2,69,0,0,0,0,1,0,13,0,0,0,0,2,0,0,0,0,0,0,0,0,0,0
http://parcelpanel.com,1,0,1,0,0,1,0,0,0,0,0,0,2,0,0,33,0,0,10,28,8,52,1,1,1,7812,2,54,55,149,10,1,0,0,1,0,7,1,0,1,37,27,0,0,0,0,0,0,0,0,0,0
http://themepalace.com,1,1,1,0,0,1,0,1,1,0,0,16,6,0,0,24,3,7,36,34,27,56,1,1,1,10161,1,145,41,209,20,1,1,0,0,1,17,1,0,0,0,90,1,0,0,0,0,0,0,0,0,0
http://bcgame.sk,1,0,1,0,0,1,0,0,0,0,0,0,59,0,0,0,0,0,99,16,5,66,0,1,0,2472,0,132,57,282,0,0,0,1,1,0,14,0,0,0,0,93,0,0,0,0,0,0,0,0,0,0
http://prognocis.com,1,1,1,0,1,1,0,1,1,0,0,76,7,0,26,51,0,0,41,34,103,65,1,1,1,18213,0,178,102,1129,3,1,1,1,1,1,20,1,0,1,1,247,0,0,0,0,0,0,0,0,0,0
http://laimroll.ru,1,0,0,0,0,1,0,0,0,0,0,0,0,0,0,0,0,0,4,0,1,56,0,0,0,257,0,1,0,6,0,0,0,0,0,0,1,0,0,0,0,0,0,0,0,0,0,0,0,0,0,0
http://viacomcbs.digital,1,0,1,0,0,1,0,0,0,0,1,0,2,0,0,56,0,0,13,7,96,16,0,1,1,3065,2,105,66,163,0,1,0,0,0,0,20,1,0,0,2,25,0,0,0,0,0,0,0,0,0,0
http://ttlock.com,1,0,0,0,0,1,0,0,0,0,0,0,0,0,0,0,0,0,3,0,3,19,0,0,0,20,0,0,0,1,0,0,0,0,0,0,11,0,0,0,0,0,0,0,0,0,0,0,0,0,0,0
http://fusionfabric.cloud,1,1,1,0,0,1,0,0,0,0,0,2,5,0,0,0,0,0,17,0,10,41,0,0,0,340,1,12,0,31,0,0,0,0,0,0,23,0,0,0,0,58,0,0,0,0,0,0,0,0,0,0
http://hercampus.com,1,1,1,0,1,1,0,1,0,0,0,8,5,0,0,1130,0,0,27,3,48,23,0,1,0,31800,1,1267,53,147,0,0,1,0,1,1,32,1,0,1,5,126,0,0,0,0,0,0,0,0,0,0
http://quattroruote.it,1,1,1,0,0,1,0,0,1,0,0,6,10,0,0,415,0,0,14,77,85,65,0,1,1,37761,5,724,109,893,58,1,1,0,1,0,23,1,0,1,174,405,0,0,0,0,0,0,0,0,0,0
http://teacup.com,0,0,0,0,0,0,0,0,0,0,0,0,0,0,0,0,0,0,0,0,1,0,0,0,0,6,0,0,0,0,0,0,0,0,0,0,1,0,0,0,0,0,0,0,0,0,0,0,0,0,0,0
http://adfinity.pro,1,0,1,0,0,1,0,0,0,0,0,0,10,0,0,3,0,0,15,0,40,45,0,0,1,5492,9,16,32,391,0,0,0,0,1,0,17,1,0,0,0,50,0,0,0,0,0,0,0,0,0,0
http://fairygodboss.com,1,1,1,0,0,1,0,0,0,0,0,1,37,0,0,5,0,0,16,34,10,65,1,1,1,6323,0,61,43,413,0,0,0,0,1,0,37,0,0,0,0,41,0,0,0,0,0,0,0,0,0,0
http://wfmu.org,1,1,1,0,0,1,0,0,1,0,0,2,1,0,0,86,0,2,18,25,16,206,1,1,1,6954,1,135,17,64,0,1,1,0,1,0,5,1,0,0,0,22,3,0,0,0,0,0,0,0,0,0
http://crumbl.com,1,0,1,0,0,1,0,0,0,0,0,0,1,0,0,6,0,0,18,14,29,50,1,1,1,2491,0,41,42,97,0,0,0,0,0,0,18,0,0,0,0,33,0,0,0,0,0,0,0,0,0,0
http://vaisala.com,1,1,1,0,0,1,0,0,0,0,1,1,3,0,6,525,0,0,15,4,15,67,1,1,1,15223,1,538,28,409,0,1,1,0,1,1,19,1,0,1,24,140,0,0,0,0,0,0,0,0,0,0
http://durham.ac.uk,1,1,1,0,0,1,0,0,1,0,1,3,40,0,0,137,0,0,9,27,10,17,0,1,1,22618,0,171,64,603,0,1,1,0,1,0,17,1,0,1,5,90,0,0,0,0,0,0,0,0,0,0
http://torrentyorg.pl,0,0,0,0,0,0,0,0,0,0,0,0,0,0,0,0,0,0,0,0,1,0,0,0,0,8,0,0,0,0,0,0,0,0,0,0,1,0,0,0,0,0,0,0,0,0,0,0,0,0,0,0
http://acas.org.uk,1,1,1,0,0,1,0,0,0,0,0,1,1,0,0,19,0,0,24,10,32,57,1,1,0,2047,0,33,3,66,0,1,1,0,1,1,11,1,0,0,0,26,0,0,0,0,0,0,0,0,0,0
http://toolstation.com,1,1,1,0,0,1,0,0,0,0,0,1,20,0,0,108,0,0,42,17,30,58,0,1,1,5877,0,150,26,271,0,1,0,0,1,0,29,1,0,0,0,98,0,0,0,0,0,0,0,0,0,0
http://bkstr.com,1,0,0,0,0,1,0,0,0,0,0,0,0,0,0,0,0,0,3,0,10,21,0,0,0,255,0,0,0,1,0,0,0,0,0,0,3,0,0,0,0,0,0,0,0,0,0,0,0,0,0,0
http://cs.com,1,1,0,0,1,1,0,0,1,0,0,5,0,0,0,60,0,0,1,19,11,21,0,0,1,5400,0,88,9,50,0,0,1,0,0,1,2,0,0,0,0,0,0,0,0,0,0,0,0,0,0,0
http://ijf.org,1,1,0,0,0,1,0,0,0,0,0,1,0,0,0,4,0,0,18,5,12,39,0,0,0,4821,0,176,28,423,0,1,0,0,0,1,14,1,0,0,0,3,0,0,0,0,0,0,0,0,0,0
http://virtual-expo.com,1,0,0,0,0,1,0,0,0,0,0,0,0,0,0,82,0,0,15,28,13,56,1,1,1,4046,0,72,56,65,0,0,0,0,1,0,25,0,0,0,0,27,0,0,0,0,0,0,0,0,1,0
http://nmg.ru,1,1,0,0,0,1,0,0,0,0,0,1,0,0,0,0,0,0,14,0,16,25,0,0,1,953,0,24,17,143,0,0,1,0,0,1,15,0,0,0,0,7,0,0,0,0,0,0,0,0,0,0
http://petrovich.ru,0,0,0,0,0,0,0,0,0,0,0,0,0,0,0,0,0,0,0,0,1,0,0,0,0,10,0,0,0,0,0,0,0,0,0,0,2,0,0,0,0,0,0,0,0,0,0,0,0,0,0,0
http://ohmynews.com,1,1,0,0,0,1,0,0,1,0,0,3,0,0,0,313,0,0,12,81,18,23,1,1,0,9196,0,512,68,220,5,0,1,0,1,1,16,0,0,0,0,213,0,0,0,0,0,0,0,0,0,0
http://ubalt.edu,1,1,0,0,1,1,0,0,0,0,1,2,0,0,0,113,0,0,7,20,20,70,1,1,1,4119,0,143,15,58,1,1,1,0,1,1,7,1,0,0,6,35,0,0,0,0,0,0,0,0,0,0
http://aportesenlinea.com,1,1,0,0,0,1,1,0,1,0,0,5,0,0,0,22,0,0,9,4,17,1,0,0,1,2171,0,43,11,33,0,1,1,0,1,1,3,1,0,0,0,26,0,0,0,0,0,0,0,0,0,0
http://immediate.co.uk,1,0,1,0,0,1,0,0,0,0,0,0,1,0,0,66,0,0,102,11,7,9,1,1,1,2782,0,63,18,94,0,1,0,0,1,0,18,1,0,1,15,57,0,0,0,0,0,0,0,0,0,0
http://robokiller.com,1,1,0,0,0,1,0,0,0,1,0,1,0,0,0,0,0,0,7,7,20,65,1,1,0,4467,0,88,110,209,0,0,0,0,1,0,11,1,0,0,0,0,0,0,0,0,0,0,0,0,0,0
http://vynetrellis.com,1,1,1,0,1,1,0,1,1,0,0,12,1,0,0,56,0,0,83,31,47,67,1,1,1,12107,0,85,69,719,7,1,1,0,1,1,18,1,0,1,46,296,0,0,0,0,0,0,0,0,0,0
http://ipcamlive.com,1,0,0,0,0,1,0,0,0,0,0,0,0,0,0,70,0,0,3,23,13,67,1,1,1,6274,0,69,22,63,12,1,0,0,0,0,11,0,0,0,0,15,0,0,0,0,0,0,0,0,0,0
http://hospitalitynet.org,1,0,0,0,0,1,0,0,0,0,0,0,0,0,0,23,0,0,14,3,12,15,1,0,0,5414,0,165,51,200,9,1,0,0,1,0,22,1,0,0,0,44,0,0,0,0,0,0,0,0,0,0
http://turkishtv.co,1,1,0,0,0,1,0,0,1,0,0,4,0,0,0,129,0,0,7,0,10,63,0,1,0,7345,0,143,20,136,0,0,1,0,0,1,5,0,0,0,0,47,0,0,0,0,0,0,0,0,0,0
http://bravejournal.net,1,1,1,0,0,1,1,1,0,0,0,3,1,0,0,4,0,0,2,2,6,16,1,1,1,291,0,9,0,11,0,1,1,0,0,1,4,1,0,0,0,0,0,0,0,0,0,0,0,0,0,0
http://abc10.com,1,1,1,0,0,1,0,0,1,0,0,6,11,0,0,114,0,0,7,4,21,103,1,1,1,10443,0,157,114,584,0,1,1,0,1,1,9,1,0,0,0,40,0,0,0,0,0,0,0,0,0,0
http://telenet.tv,1,0,0,0,0,1,0,0,0,0,0,0,0,0,0,0,0,0,6,0,21,10,0,0,0,56,0,0,0,0,0,0,0,0,0,0,14,0,0,0,0,0,0,0,0,0,0,0,0,0,0,0
http://betfred.com,1,0,1,0,0,1,0,0,0,0,0,0,10,0,0,14,0,0,11,54,7,62,1,1,1,6306,1,113,89,434,0,1,0,0,1,0,7,1,0,0,0,88,0,0,0,0,0,0,0,0,0,0
http://quicklaunch.io,1,1,0,0,1,1,0,0,0,0,0,2,0,0,0,78,0,0,18,22,15,33,1,1,1,5909,0,98,123,219,0,1,1,0,0,1,8,1,0,0,0,32,0,0,0,0,0,0,0,0,0,0
http://fairview.org,1,0,0,0,0,1,0,0,0,0,0,0,0,0,0,0,0,0,7,0,5,8,0,0,0,54,0,0,0,26,0,0,0,0,1,0,3,0,0,0,0,0,0,0,0,0,0,0,0,0,0,0
http://joxnet.ru,1,1,1,0,1,1,0,0,1,0,0,15,3,0,144,21,0,0,3,15,2,57,0,0,0,8080,3,43,29,106,0,1,1,1,0,1,4,0,0,0,0,9,0,0,0,0,0,0,0,0,0,0
http://advantech.com,1,1,1,0,0,1,0,0,1,0,0,2,4,0,0,153,0,0,159,13,35,49,0,1,0,7818,0,174,7,121,0,0,1,0,1,1,7,0,0,0,0,33,0,0,0,0,0,0,0,0,0,0
http://zagg.com,1,1,1,0,0,1,0,1,1,0,0,7,56,0,3,381,0,0,13,72,36,112,1,1,1,21935,21,393,52,421,10,1,1,0,1,0,4,1,0,0,0,168,0,0,0,0,0,0,0,0,0,0
http://streamlayer.io,1,1,0,0,1,1,0,1,0,0,1,4,0,0,0,0,0,0,5,18,10,11,1,1,0,6155,0,16,31,227,0,0,1,1,0,1,2,1,0,0,16,0,0,0,0,0,0,0,0,0,0,0
http://exampleessays.com,1,1,1,0,1,1,1,0,1,0,0,6,2,0,0,52,0,0,10,9,13,51,1,1,1,3015,0,47,1,32,0,1,1,0,0,1,11,1,0,0,0,0,0,0,0,0,0,0,0,0,0,0
http://revenuewell.com,1,0,0,0,0,1,0,0,0,0,0,0,0,0,0,22,0,0,6,42,13,52,1,1,1,7301,0,97,38,425,0,1,0,0,1,0,10,1,0,0,0,9,0,0,0,0,0,0,0,0,0,0
http://oeko-tex.com,1,1,1,0,0,1,0,1,0,0,0,2,3,0,0,73,0,0,16,29,17,70,0,1,1,30434,0,232,100,1058,1,1,1,0,1,0,10,1,0,1,15,94,0,0,0,0,0,0,0,1,1,0
http://nankai.edu.cn,1,1,0,0,1,1,1,0,1,0,0,11,0,0,0,2,0,0,2,0,5,19,0,0,0,265,0,11,3,17,0,0,1,0,0,1,2,0,0,0,0,1,0,0,0,0,0,0,0,0,0,0
http://depotzeven.com,1,1,0,0,1,1,0,1,1,0,0,16,0,0,0,100,0,0,59,18,64,36,0,1,1,5423,0,144,41,390,18,0,1,0,1,0,6,1,0,0,0,38,0,0,0,0,0,0,0,0,0,0
http://atari.com,1,1,1,0,0,1,0,1,1,0,1,101,38,0,0,348,0,0,69,26,85,22,1,1,1,46784,4,457,97,841,0,1,1,0,0,0,22,1,0,0,11,323,0,0,0,0,0,0,0,0,0,0
http://gmx.de,1,1,1,0,0,1,1,1,1,0,0,9,2,0,0,120,0,0,15,7,14,52,1,1,1,6083,1,145,33,78,22,1,1,0,0,0,6,1,0,1,27,52,0,0,0,0,0,0,0,0,0,0
http://nau.ch,1,1,1,0,0,1,0,0,0,0,0,1,14,0,0,30,0,0,18,0,12,29,1,1,1,13535,14,308,198,527,198,1,1,0,0,0,9,1,0,1,1050,387,0,0,0,0,0,0,0,0,0,0
http://bcu.ac.uk,1,1,1,0,0,1,0,0,1,0,0,4,6,0,2,250,0,0,28,31,13,26,1,1,1,9935,2,278,1,179,0,1,1,0,0,1,31,1,0,0,0,56,0,0,0,0,0,0,0,0,0,0
http://chronos.mg,1,1,1,0,1,1,0,1,1,0,0,37,4,0,0,36,0,0,21,20,37,113,1,1,0,10093,0,95,61,282,0,1,1,0,1,1,8,0,0,0,0,27,0,0,0,0,0,0,0,0,0,0
http://betcity.by,1,0,0,0,0,1,0,0,0,0,0,0,0,0,0,0,0,0,24,0,4,57,0,0,0,156,0,0,0,16,0,0,0,0,0,0,21,0,0,0,0,0,0,0,0,0,0,0,0,0,0,0
http://bestsugardaddy.net,1,0,0,0,0,1,0,0,0,0,0,0,0,0,0,9,0,0,7,30,4,69,1,1,1,14145,0,29,11,71,0,1,0,0,0,0,13,0,0,1,8,1,0,0,0,0,0,0,0,0,0,0
http://tenorshare.com,1,1,1,0,0,1,0,1,1,0,0,3,15,0,0,89,0,6,28,71,13,74,1,1,0,8529,1,121,54,109,0,1,1,0,0,0,11,1,0,1,1,68,1,0,0,0,0,0,0,0,0,0
http://ze.delivery,1,1,1,0,0,1,0,0,0,0,0,1,1,0,0,30,0,0,7,14,25,53,1,1,1,1321,1,39,22,99,22,1,0,0,0,1,12,0,0,0,0,3,0,0,0,0,0,0,0,0,0,0
http://c-srv.de,1,1,0,0,1,1,1,0,0,0,0,3,0,0,0,0,0,0,4,0,8,52,0,1,0,367,0,6,0,4,0,1,1,0,1,1,2,1,0,0,0,2,0,0,0,0,0,0,0,0,1,0
http://usefulcontentsites.com,0,0,0,0,0,0,0,0,0,0,0,0,0,0,0,0,0,0,0,0,0,0,0,0,0,4,0,0,0,0,0,0,0,0,0,0,0,0,0,0,0,0,0,0,0,0,0,0,0,0,0,0
http://liveatc.net,1,1,0,0,1,1,0,0,1,0,0,8,0,0,0,0,0,49,4,26,14,69,0,0,0,2683,0,59,6,1,0,0,1,0,0,1,5,0,0,0,0,3,11,0,0,0,0,0,0,0,0,0
http://colorhunt.co,1,1,0,0,0,1,0,0,0,0,0,1,0,0,0,0,0,0,8,0,6,53,1,1,0,1037,0,51,3,108,0,0,0,0,0,0,17,0,0,0,0,59,0,0,0,0,0,0,0,1,0,0
http://outdoorgearlab.com,1,1,1,0,1,1,0,0,0,0,0,2,1,0,0,20,0,0,19,4,16,50,1,1,1,9264,0,189,51,272,0,1,1,0,0,0,17,1,0,0,0,47,0,0,0,0,0,0,0,0,0,0
http://hotspotshield.com,1,0,1,0,0,1,0,0,0,0,0,0,2,0,13,44,0,0,35,23,15,56,1,1,1,3559,0,82,17,118,0,1,0,0,0,0,24,0,0,0,0,13,0,0,0,0,0,0,0,0,0,0
http://petitfute.com,1,1,1,0,0,1,0,1,1,0,0,24,8,0,0,255,4,24,26,15,29,56,1,1,1,16545,7,282,32,265,28,1,1,0,1,0,11,1,0,0,0,153,4,0,0,0,0,0,0,0,0,0
http://aqicn.org,1,1,0,0,0,1,0,0,0,0,0,4,0,0,28,40,0,31,39,5,71,50,1,1,1,10684,0,149,46,435,0,0,1,0,0,1,23,0,0,0,0,130,12,0,0,0,0,0,0,0,0,0
http://sisense.com,1,0,1,0,0,1,0,0,0,0,0,0,6,0,0,9,0,0,7,21,10,56,1,1,1,2100,0,33,87,190,0,1,0,0,1,0,20,1,0,0,0,61,0,0,0,0,0,0,0,0,0,0
http://grafana.org,1,1,1,0,0,1,0,0,0,0,1,5,48,0,0,70,0,0,14,328,7,56,1,1,1,14192,0,379,162,795,13,1,1,1,0,1,22,1,0,0,2,75,0,0,0,0,0,0,0,0,0,0
http://alidropship.com,1,1,1,0,0,1,0,1,1,0,0,10,5,0,228,95,0,0,17,10,19,62,1,1,1,20844,3,124,63,386,1,1,1,1,1,0,16,1,0,1,2,100,0,0,0,0,0,0,0,0,0,0
http://igromania.ru,1,1,1,0,0,1,0,1,0,0,0,1,12,0,0,16,0,0,44,5,34,65,0,0,0,10161,0,273,75,731,73,1,1,0,1,0,28,0,0,0,0,158,0,0,0,0,0,0,0,0,0,0
http://now.com,0,0,0,0,0,0,0,0,0,0,0,0,0,0,0,0,0,0,0,0,1,0,0,0,0,1,0,0,0,0,0,0,0,0,0,0,0,0,0,0,0,0,0,0,0,0,0,0,0,0,0,0
